# Blender v2.79 (sub 0) OBJ File: 'smoke-detector.blend'
# www.blender.org
mtllib smoke-detector.mtl
o base_Cylinder
v -0.0 1.9904303999999997 -1.4075052000000001
v 0.3586224 2.0617643999999995 -1.4075052000000001
v 0.6626484 2.2649087999999997 -1.4075052000000001
v 0.8657916 2.5689336 -1.4075052000000001
v 0.9371256 2.9275559999999996 -1.4075052000000001
v 0.8270928 3.3457259999999995 -1.4075052000000001
v 0.5510916 3.6694476 -1.4075052000000001
v 0.3586224 3.7933475999999997 -1.4075052000000001
v -0.0 3.8646815999999995 -1.4075052000000001
v -0.3586224 3.7933475999999997 -1.4075052000000001
v -0.5470248 3.6696779999999998 -1.4075052000000001
v -0.8251704 3.3471108 -1.4075052000000001
v -0.9371256 2.9275547999999993 -1.4075052000000001
v -0.8657916 2.5689324 -1.4075052000000001
v -0.6626472 2.2649075999999995 -1.4075052000000001
v -0.3586212 2.0617643999999995 -1.4075052000000001
v -0.8380068 2.0231231999999997 -1.8564756
v -0.0 -5.7296724 -1.7264484
v -0.0 -6.0 -1.2000000000345068e-06
v -0.0 -5.8848204 -1.7264484
v -0.8934192 2.1569003999999996 -1.8564756
v -0.9837635999999998 2.3750112 -1.8564756
v 2.2961004 -5.543277600000001 -1.2000000000345068e-06
v 2.2520232 -5.4368652 -1.7264484
v -1.0363812 2.5020419999999994 -1.8564756
v -1.1295203999999999 2.7269004 -1.8564756
v 4.2426408 -4.2426408 -1.2000000000345068e-06
v 4.1611968 -4.1611956 -1.7264484
v -1.1793432 2.8471824 -1.8564756
v -1.2752784 3.0787883999999996 -1.8564756
v 5.543277600000001 -2.2961016000000005 -1.2000000000345068e-06
v 5.4368652 -2.2520231999999996 -1.7264484
v -1.3223064 3.1923239999999997 -1.8564756
v -1.4210352 3.4306764 -1.8564756
v 6.0 -1.2000000001677334e-06 -0.0
v 5.8848204 -0.0 -1.7264472
v 1.5484319999999998 -1.5484320000000003 -1.8564756
v 3.0817691999999997 -0.0 -1.8564756
v 5.543277600000001 2.2960991999999996 -0.0
v 5.4368652 2.2520219999999997 -1.7264472
v 2.7081912000000004 -0.0 -1.8564756
v 3.3324588 -0.0 -1.8564756
v 4.2426408 4.242640799999999 -0.0
v 4.1611968 4.1611956 -1.7264472
v 3.1923251999999995 1.3223039999999997 -1.8564756
v 3.4553483999999997 -0.0 -1.8564756
v 2.2960992 5.543277600000001 -0.0
v 2.2520219999999997 5.4368652 -1.7264472
v 3.71334 -0.0 -1.8564756
v -2.0231255999999997 0.8380031999999998 -1.8564756
v -2.4e-06 6.0 -0.0
v -2.4e-06 5.8848204 -1.7264472
v -1.5484332 1.5484307999999998 -1.8564756
v -3.4306764 -1.4210376000000002 -1.8564756
v -2.2961028 5.5432752 -0.0
v -2.2520255999999996 5.436863999999999 -1.7264472
v -3.71334 -3.6000000005032005e-06 -1.8564756
v -3.0787883999999996 -1.2752796000000002 -1.8564756
v -4.2426432 4.2426384 -0.0
v -4.1611991999999995 4.1611932 -1.7264472
v -3.3324588 -3.6000000005032005e-06 -1.8564756
v -2.1569028 0.8934155999999996 -1.8564756
v -5.5432787999999995 2.2960955999999997 -0.0
v -5.4368676 2.2520183999999994 -1.7264472
v -1.650822 1.6508195999999997 -1.8564756
v -2.8471836 -1.1793456000000002 -1.8564756
v -6.0 -6.00000000030576e-06 -0.0
v -5.8848204 -6.00000000030576e-06 -1.7264472
v -3.0817691999999997 -3.6000000005032005e-06 -1.8564756
v -2.502042 -1.0363824000000001 -1.8564756
v -5.543273999999999 -2.2961064 -1.2000000000345068e-06
v -5.4368628 -2.2520292000000004 -1.7264484
v -2.7081912000000004 -2.400000000335467e-06 -1.8564756
v -2.3750136 0.9837599999999997 -1.8564756
v -4.242634799999999 -4.2426456 -1.2000000000345068e-06
v -4.1611908 -4.1612016 -1.7264484
v -1.8177576 1.8177551999999997 -1.8564756
v -2.3750123999999997 -0.9837648000000004 -1.8564756
v -2.296092 -5.5432812 -1.2000000000345068e-06
v -2.252016 -5.436868800000001 -1.7264484
v -2.5706952 -2.400000000335467e-06 -1.8564756
v -2.0231232 -0.8380080000000004 -1.8564756
v 2.1926508 -5.2935264 -1.7264484
v -2.189814 -2.400000000335467e-06 -1.8564756
v 4.0514904 -4.0514904 -1.7264484
v -2.5020432 1.0363775999999996 -1.8564756
v 5.2935264 -2.1926508000000005 -1.7264484
v -1.9149816 1.9149791999999999 -1.8564756
v 5.7296724 -0.0 -1.7264472
v 2.6257271999999996 2.6257271999999996 -1.8564756
v 5.2935276 2.1926495999999998 -1.7264472
v 3.4306788 1.4210327999999997 -1.8564756
v 4.0514904 4.0514892 -1.7264472
v 2.356404 2.3564027999999997 -1.8564756
v 2.1926495999999998 5.2935264 -1.7264472
v 3.0787896 1.2752759999999996 -1.8564756
v -2.4e-06 5.7296724 -1.7264472
v -2.7269016 1.1295167999999998 -1.8564756
v -2.1926531999999996 5.293525199999999 -1.7264472
v -2.0870808 2.0870784 -1.8564756
v -4.051492799999999 4.0514868 -1.7264472
v 2.17914 2.17914 -1.8564756
v -5.2935288 2.1926459999999994 -1.7264472
v 2.8471836 1.1793419999999997 -1.8564756
v -5.7296724 -6.00000000030576e-06 -1.7264472
v 1.9149804 1.9149803999999997 -1.8564756
v -5.293524 -2.1926568 -1.7264484
v 2.5020432 1.0363799999999996 -1.8564756
v -4.0514844 -4.051495200000001 -1.7264484
v -2.8471847999999995 1.1793395999999996 -1.8564756
v -2.1926424 -5.29353 -1.7264484
v -2.1791412 2.1791387999999996 -1.8564756
v 1.8177564 1.8177563999999995 -1.8564756
v -0.0 -5.581027200000001 -2.0042256
v 2.135766 -5.156196 -2.0042256
v 2.3750123999999997 0.9837623999999996 -1.8564756
v 3.9463812000000003 -3.9463812000000003 -2.0042256
v 1.5484319999999998 1.5484319999999996 -1.8564756
v 5.156196 -2.135766 -2.0042256
v 2.0231244 0.8380043999999996 -1.8564756
v 5.5810272 -0.0 -2.0042243999999996
v -3.0787908 1.2752735999999998 -1.8564756
v 5.156196 2.1357648 -2.0042243999999996
v -2.3564051999999998 2.3564027999999997 -1.8564756
v 3.9463812000000003 3.9463811999999994 -2.0042243999999996
v -3.1923264 1.3223015999999996 -1.8564756
v 2.1357648 5.156196 -2.0042243999999996
v -2.4433019999999996 2.4432983999999998 -1.8564756
v -2.4e-06 5.581026 -2.0042243999999996
v -3.43068 1.4210303999999996 -1.8564756
v -2.1357684 5.1561948 -2.0042243999999996
v -2.6257284 2.625726 -1.8564756
v -3.9463836 3.9463787999999997 -2.0042243999999996
v 2.189814 -0.0 -1.8564756
v -5.1561984 2.1357623999999995 -2.0042243999999996
v 2.0231244 -0.8380056000000001 -1.8564756
v -5.5810272 -6.00000000030576e-06 -2.0042243999999996
v 2.3346131999999997 -0.0 -1.8564756
v -5.156193599999999 -2.135772 -2.0042256
v 2.1569016 -0.8934180000000003 -1.8564756
v -3.9463764 -3.9463871999999998 -2.0042256
v 2.5706952 -0.0 -1.8564756
v -2.1357587999999996 -5.156199599999999 -2.0042256
v 2.3750123999999997 -0.9837624000000001 -1.8564756
v 1.5484319999999998 1.5484319999999996 -2.0042243999999996
v -0.0 -3.8289264000000003 -2.0042256
v 1.4652671999999998 -3.5374668000000002 -2.0042256
v 1.6508207999999998 1.6508207999999995 -2.0042243999999996
v 2.7074592 -2.7074604 -2.0042256
v 1.8177564 1.8177563999999995 -2.0042243999999996
v 3.5374655999999995 -1.4652672000000004 -2.0042243999999996
v 1.9149804 1.9149803999999997 -2.0042243999999996
v 3.8289264 -0.0 -2.0042243999999996
v 2.0870796 2.0870795999999996 -2.0042243999999996
v 3.5374668 1.4652659999999997 -2.0042243999999996
v 2.17914 2.17914 -2.0042243999999996
v 2.7074592 2.7074591999999997 -2.0042243999999996
v 2.356404 2.3564027999999997 -2.0042243999999996
v 1.465266 3.5374655999999995 -2.0042243999999996
v 2.4432996 2.4432995999999996 -2.0042243999999996
v 2.6257271999999996 2.6257271999999996 -2.0042243999999996
v -1.4652684 3.5374655999999995 -2.0042243999999996
v -2.0231232 -0.8380080000000004 -2.0042243999999996
v -2.7074604 2.7074579999999995 -2.0042243999999996
v -2.1569016 -0.8934204000000001 -2.0042243999999996
v -3.537468 1.4652635999999997 -2.0042243999999996
v -2.3750123999999997 -0.9837648000000004 -2.0042243999999996
v -3.8289264 -3.6000000005032005e-06 -2.0042243999999996
v -2.502042 -1.0363824000000001 -2.0042243999999996
v -3.5374644 -1.4652708000000003 -2.0042243999999996
v -2.7269004 -1.1295228000000002 -2.0042243999999996
v -2.7074556 -2.7074640000000003 -2.0042256
v -2.8471836 -1.1793456000000002 -2.0042243999999996
v -1.4652612 -3.5374692 -2.0042256
v -3.0787883999999996 -1.2752796000000002 -2.0042243999999996
v -3.192324 -1.3223076000000002 -2.0042243999999996
v -0.0 -1.9610352000000006 -2.0042256
v 0.750456 -1.8117611999999998 -2.0042256
v -3.4306764 -1.4210376000000002 -2.0042243999999996
v 1.3866612 -1.3866612 -2.0042243999999996
v 0.8380056 2.0231243999999995 -2.0042243999999996
v 1.8117611999999998 -0.7504560000000003 -2.0042243999999996
v 0.893418 2.1569016 -2.0042243999999996
v 1.9610352 -0.0 -2.0042243999999996
v 0.9837624 2.3750123999999997 -2.0042243999999996
v 1.8117611999999998 0.7504547999999996 -2.0042243999999996
v 1.03638 2.5020431999999997 -2.0042243999999996
v 1.3866612 1.3866611999999996 -2.0042243999999996
v 1.1295192 2.7269015999999993 -2.0042243999999996
v 0.750456 1.8117611999999996 -2.0042243999999996
v 1.179342 2.8471835999999997 -2.0042243999999996
v -1.2e-06 1.9610351999999995 -2.0042243999999996
v 1.2752759999999999 3.0787896 -2.0042243999999996
v -0.7504571999999999 1.8117599999999996 -2.0042243999999996
v 1.322304 3.1923251999999995 -2.0042243999999996
v -1.3866623999999999 1.3866611999999996 -2.0042243999999996
v 1.4210327999999999 3.4306775999999997 -2.0042243999999996
v -1.8117611999999998 0.7504535999999999 -2.0042243999999996
v -1.5484295999999997 -1.5484343999999999 -2.0042243999999996
v -1.9610352 -2.400000000335467e-06 -2.0042243999999996
v -1.6508184000000001 -1.6508232000000005 -2.0042256
v -1.81176 -0.7504584000000001 -2.0042243999999996
v -1.8177539999999999 -1.8177588000000005 -2.0042256
v -1.38666 -1.3866636000000003 -2.0042243999999996
v -1.9149779999999998 -1.9149828 -2.0042256
v -0.7504535999999999 -1.8117624 -2.0042256
v -2.0870772 -2.0870832000000004 -2.0042256
v -2.1791376 -2.1791435999999997 -2.0042256
v -0.0 -1.9332119999999997 -1.9550064
v 0.7398084 -1.7860559999999996 -1.9550064
v -2.3564004 -2.3564064000000005 -2.0042256
v 1.3669872 -1.3669884000000005 -1.9550051999999998
v -2.4432971999999995 -2.4433032000000003 -2.0042256
v 1.7860547999999998 -0.7398084000000004 -1.9550051999999998
v -2.6257235999999997 -2.6257308000000004 -2.0042256
v 1.933212 -0.0 -1.9550051999999998
v 0.8380056 -2.0231244000000004 -2.0042256
v 1.786056 0.7398083999999999 -1.9550051999999998
v 0.893418 -2.1569016 -2.0042256
v 1.3669872 1.3669871999999998 -1.9550051999999998
v 0.9837624 -2.3750124000000006 -2.0042256
v 0.7398084 1.7860559999999996 -1.9550051999999998
v 1.03638 -2.5020432 -2.0042256
v -1.2e-06 1.9332119999999997 -1.9550051999999998
v 1.1295192 -2.7269016000000006 -2.0042256
v -0.7398096 1.7860547999999998 -1.9550051999999998
v 1.179342 -2.8471848000000004 -2.0042256
v -1.3669883999999999 1.3669871999999998 -1.9550051999999998
v 1.2752759999999999 -3.0787896000000003 -2.0042256
v -1.786056 0.7398071999999997 -1.9550051999999998
v 1.322304 -3.1923252000000004 -2.0042256
v -1.933212 -2.400000000335467e-06 -1.9550051999999998
v 1.4210340000000001 -3.4306788000000004 -2.0042256
v -1.7860547999999998 -0.7398108000000002 -1.9550051999999998
v -1.3669859999999998 -1.3669896000000001 -1.9550051999999998
v -0.739806 -1.7860572 -1.9550064
v -0.0 -1.9062575999999998 -2.0230884
v 0.7294932 -1.7611523999999996 -2.0230884
v 1.3479276 -1.3479276000000002 -2.0230884
v 1.7611524 -0.7294932000000001 -2.0230884
v 1.9062576 -0.0 -2.0230884
v 1.7611524 0.7294919999999999 -2.0230884
v 1.3479276 1.3479275999999996 -2.0230884
v -0.8380032 -2.0231256000000006 -2.0042256
v 0.7294932 1.7611523999999996 -2.0230884
v -0.8934143999999999 -2.1569028 -2.0042256
v -1.2e-06 1.9062575999999998 -2.0230884
v -0.9837588 -2.3750147999999998 -2.0042256
v -0.7294944 1.7611523999999996 -2.0230884
v -1.0363764 -2.5020444000000004 -2.0042256
v -1.3479288 1.3479263999999997 -2.0230884
v -1.1295156 -2.7269039999999998 -2.0042256
v -1.7611535999999999 0.7294919999999999 -2.0230884
v -1.1793384 -2.847186 -2.0042256
v -1.9062576 -2.400000000335467e-06 -2.0230884
v -1.2752724 -3.0787919999999995 -2.0042256
v -1.7611512 -0.7294956000000005 -2.0230884
v -1.3223004 -3.1923276000000005 -2.0042256
v -1.3479264 -1.34793 -2.0230884
v -1.421028 -3.4306812 -2.0042256
v -0.7294908 -1.7611535999999999 -2.0230884
v 1.5484319999999998 -1.5484320000000003 -2.0042243999999996
v 1.6508207999999998 -1.6508208000000002 -2.0042256
v 1.8177564 -1.8177564000000002 -2.0042256
v 1.9149804 -1.9149803999999997 -2.0042256
v 2.0870796 -2.0870796 -2.0042256
v 2.17914 -2.1791400000000003 -2.0042256
v 2.356404 -2.356404 -2.0042256
v 2.4432996 -2.4432996 -2.0042256
v 2.6257271999999996 -2.6257271999999996 -2.0042256
v -0.0 -3.7133400000000005 -2.0042256
v -0.0 -3.4553483999999997 -2.0042256
v -0.0 -3.3324588000000004 -2.0042256
v -0.0 -3.0817704000000004 -2.0042256
v -0.0 -2.9515776 -2.0042256
v -0.0 -2.7081923999999997 -2.0042256
v -0.0 -2.5706952000000007 -2.0042256
v -0.0 -2.3346144000000004 -2.0042256
v -0.0 -2.189814 -2.0042256
v -0.8380068 2.0231231999999997 -2.0042243999999996
v -0.8934192 2.1569003999999996 -2.0042243999999996
v -0.9837635999999998 2.3750112 -2.0042243999999996
v -1.0363812 2.5020419999999994 -2.0042243999999996
v -1.1295203999999999 2.7269004 -2.0042243999999996
v -1.1793432 2.8471824 -2.0042243999999996
v -1.2752784 3.0787883999999996 -2.0042243999999996
v -1.3223064 3.1923239999999997 -2.0042243999999996
v -1.4210352 3.4306764 -2.0042243999999996
v 2.0231244 -0.8380056000000001 -2.0042243999999996
v 2.1569016 -0.8934180000000003 -2.0042243999999996
v 2.3750123999999997 -0.9837624000000001 -2.0042243999999996
v 2.5020432 -1.0363800000000003 -2.0042243999999996
v 2.7269004 -1.1295204000000003 -2.0042243999999996
v 2.8471836 -1.1793420000000003 -2.0042243999999996
v 3.0787896 -1.2752772000000003 -2.0042243999999996
v 3.1923251999999995 -1.3223040000000001 -2.0042243999999996
v 3.4306775999999997 -1.4210340000000004 -2.0042243999999996
v -1.5484332 1.5484307999999998 -2.0042243999999996
v -1.650822 1.6508195999999997 -2.0042243999999996
v -1.8177576 1.8177551999999997 -2.0042243999999996
v -1.9149816 1.9149791999999999 -2.0042243999999996
v -2.0870808 2.0870784 -2.0042243999999996
v -2.1791412 2.1791387999999996 -2.0042243999999996
v -2.3564051999999998 2.3564027999999997 -2.0042243999999996
v -2.4433019999999996 2.4432983999999998 -2.0042243999999996
v -2.6257284 2.625726 -2.0042243999999996
v 2.189814 -0.0 -2.0042243999999996
v 2.3346131999999997 -0.0 -2.0042243999999996
v 2.5706952 -0.0 -2.0042243999999996
v 2.7081912000000004 -0.0 -2.0042243999999996
v 2.9515764 -0.0 -2.0042243999999996
v 3.0817691999999997 -0.0 -2.0042243999999996
v 3.3324588 -0.0 -2.0042243999999996
v 3.4553483999999997 -0.0 -2.0042243999999996
v 3.71334 -0.0 -2.0042243999999996
v -2.0231255999999997 0.8380031999999998 -2.0042243999999996
v -2.1569028 0.8934155999999996 -2.0042243999999996
v -2.3750136 0.9837599999999997 -2.0042243999999996
v -2.5020432 1.0363775999999996 -2.0042243999999996
v -2.7269016 1.1295167999999998 -2.0042243999999996
v -2.8471847999999995 1.1793395999999996 -2.0042243999999996
v -3.0787908 1.2752735999999998 -2.0042243999999996
v -3.1923264 1.3223015999999996 -2.0042243999999996
v -3.43068 1.4210303999999996 -2.0042243999999996
v 2.0231244 0.8380043999999996 -2.0042243999999996
v 2.1569016 0.8934179999999997 -2.0042243999999996
v 2.3750123999999997 0.9837623999999996 -2.0042243999999996
v 2.5020432 1.0363799999999996 -2.0042243999999996
v 2.7269016 1.1295191999999996 -2.0042243999999996
v 2.8471836 1.1793419999999997 -2.0042243999999996
v 3.0787896 1.2752759999999996 -2.0042243999999996
v 3.1923251999999995 1.3223039999999997 -2.0042243999999996
v 3.4306788 1.4210327999999997 -2.0042243999999996
v -2.189814 -2.400000000335467e-06 -2.0042243999999996
v -2.3346131999999997 -2.400000000335467e-06 -2.0042243999999996
v -2.5706952 -2.400000000335467e-06 -2.0042243999999996
v -2.7081912000000004 -2.400000000335467e-06 -2.0042243999999996
v -2.9515764 -3.6000000005032005e-06 -2.0042243999999996
v -3.0817691999999997 -3.6000000005032005e-06 -2.0042243999999996
v -3.3324588 -3.6000000005032005e-06 -2.0042243999999996
v -3.4553483999999997 -3.6000000005032005e-06 -2.0042243999999996
v -3.71334 -3.6000000005032005e-06 -2.0042243999999996
v 3.4306775999999997 -1.4210340000000004 -1.8564756
v 3.1923251999999995 -1.3223040000000001 -1.8564756
v 3.0787896 -1.2752772000000003 -1.8564756
v 2.8471836 -1.1793420000000003 -1.8564756
v 2.7269004 -1.1295204000000003 -1.8564756
v 2.9515764 -0.0 -1.8564756
v 2.5020432 -1.0363800000000003 -1.8564756
v -1.3223004 -3.1923276000000005 -1.8564756
v -0.0 -3.4553483999999997 -1.8564756
v -0.0 -3.8289264000000003 -1.8564756
v -1.4652612 -3.5374692 -1.8564756
v -1.2752724 -3.0787919999999995 -1.8564756
v -0.0 -3.3324588000000004 -1.8564756
v -2.7074556 -2.7074640000000003 -1.8564756
v -1.1793384 -2.847186 -1.8564756
v -0.0 -3.0817704000000004 -1.8564756
v -3.5374644 -1.4652708000000003 -1.8564756
v -1.1295156 -2.7269039999999998 -1.8564756
v -0.0 -2.9515776 -1.8564756
v -3.8289264 -3.6000000005032005e-06 -1.8564756
v -1.0363764 -2.5020444000000004 -1.8564756
v -0.0 -2.7081923999999997 -1.8564756
v -3.537468 1.4652635999999997 -1.8564756
v -0.9837588 -2.3750147999999998 -1.8564756
v -0.0 -2.5706952000000007 -1.8564756
v -2.7074604 2.7074579999999995 -1.8564756
v -0.8934143999999999 -2.1569028 -1.8564756
v -0.0 -2.3346144000000004 -1.8564756
v -1.4652684 3.5374655999999995 -1.8564756
v -0.8380032 -2.0231256000000006 -1.8564756
v -0.0 -2.189814 -1.8564756
v 2.6257271999999996 -2.6257271999999996 -1.8564756
v 1.465266 3.5374655999999995 -1.8564756
v 2.4432996 -2.4432996 -1.8564756
v 2.7074592 2.7074591999999997 -1.8564756
v 2.356404 -2.356404 -1.8564756
v 3.5374668 1.4652659999999997 -1.8564756
v 2.17914 -2.1791400000000003 -1.8564756
v 3.8289264 -0.0 -1.8564756
v 2.0870796 -2.0870796 -1.8564756
v 3.5374655999999995 -1.4652672000000004 -1.8564756
v 1.9149804 -1.9149803999999997 -1.8564756
v 2.7074592 -2.7074604 -1.8564756
v 1.8177564 -1.8177564000000002 -1.8564756
v 1.4652671999999998 -3.5374668000000002 -1.8564756
v 1.6508207999999998 -1.6508208000000002 -1.8564756
v 1.179342 -2.8471848000000004 -1.8564756
v 1.1295192 -2.7269016000000006 -1.8564756
v 1.03638 -2.5020432 -1.8564756
v 0.9837624 -2.3750124000000006 -1.8564756
v 0.893418 -2.1569016 -1.8564756
v 0.8380056 -2.0231244000000004 -1.8564756
v -1.421028 -3.4306812 -1.8564756
v -0.0 -3.7133400000000005 -1.8564756
v 1.03638 2.5020431999999997 -1.8564756
v 0.9837624 2.3750123999999997 -1.8564756
v 0.893418 2.1569016 -1.8564756
v 0.8380056 2.0231243999999995 -1.8564756
v -2.6257235999999997 -2.6257308000000004 -1.8564756
v -2.4432971999999995 -2.4433032000000003 -1.8564756
v -2.3564004 -2.3564064000000005 -1.8564756
v -2.1791376 -2.1791435999999997 -1.8564756
v -2.0870772 -2.0870832000000004 -1.8564756
v -1.9149779999999998 -1.9149828 -1.8564756
v -1.8177539999999999 -1.8177588000000005 -1.8564756
v -1.6508184000000001 -1.6508232000000005 -1.8564756
v -1.5484295999999997 -1.5484343999999999 -1.8564756
v 1.4210340000000001 -3.4306788000000004 -1.8564756
v 1.322304 -3.1923252000000004 -1.8564756
v 1.2752759999999999 -3.0787896000000003 -1.8564756
v 1.4210327999999999 3.4306775999999997 -1.8564756
v 1.2752759999999999 3.0787896 -1.8564756
v 1.1295192 2.7269015999999993 -1.8564756
v -2.7269004 -1.1295228000000002 -1.8564756
v -3.192324 -1.3223076000000002 -1.8564756
v 1.6508207999999998 1.6508207999999995 -1.8564756
v 2.0870796 2.0870795999999996 -1.8564756
v 1.179342 2.8471835999999997 -1.8564756
v 2.4432996 2.4432995999999996 -1.8564756
v 1.322304 3.1923251999999995 -1.8564756
v -2.1569016 -0.8934204000000001 -1.8564756
v 2.1569016 0.8934179999999997 -1.8564756
v -3.4553483999999997 -3.6000000005032005e-06 -1.8564756
v -2.9515764 -3.6000000005032005e-06 -1.8564756
v -2.3346131999999997 -2.400000000335467e-06 -1.8564756
v 2.7269016 1.1295191999999996 -1.8564756
v 0.8832779999999999 3.1982459999999997 -1.8564756
v 0.8832779999999999 3.1982459999999997 -2.0042243999999996
v 0.9371256 2.9275559999999996 -2.0042243999999996
v 0.5510916 3.6694476 -1.8564756
v 0.5577755999999999 3.6594444 -1.8564756
v 0.5577755999999999 3.6594444 -2.0042243999999996
v 0.8270928 3.3457259999999995 -2.0042243999999996
v 0.365952 3.7909595999999994 -2.0042243999999996
v 0.3586224 3.7933475999999997 -2.0042243999999996
v 0.365952 3.7909595999999994 -1.8564756
v -0.0 3.8646815999999995 -2.0042243999999996
v -0.3586224 3.7933475999999997 -2.0042243999999996
v -0.36031919999999995 3.7923143999999995 -2.0042243999999996
v -0.36031919999999995 3.7923143999999995 -1.8564756
v -0.5607612 3.6577512 -2.0042243999999996
v -0.5607612 3.6577512 -1.8564756
v -0.5470248 3.6696779999999998 -1.8564756
v -0.8251704 3.3471108 -2.0042243999999996
v 0.9360755999999999 2.9213663999999997 -1.8564756
v 0.9113112 2.7934691999999997 -1.8564756
v 0.9360755999999999 2.9213663999999997 -2.0042243999999996
v 0.8657916 2.5689336 -2.0042243999999996
v 0.9113112 2.7934691999999997 -2.0042243999999996
v 0.827724 3.3425532 -2.0042243999999996
v 0.827724 3.3425532 -1.8564756
v -0.8657916 2.5689324 -2.0042243999999996
v -0.9102756 2.7942167999999996 -2.0042243999999996
v -0.9102756 2.7942167999999996 -1.8564756
v -0.9361488 2.920524 -1.8564756
v -0.9361488 2.920524 -2.0042243999999996
v -0.9371256 2.9275547999999993 -2.0042243999999996
v -0.8835647999999999 3.1985208 -2.0042243999999996
v -0.8835647999999999 3.198522 -1.8564756
v -0.8258004 3.3439379999999996 -1.8564756
v -0.8258004 3.3439379999999996 -2.0042243999999996
v 0.8570591999999999 2.5561908 -1.8564756
v 0.8570591999999999 2.5561895999999997 -2.0042243999999996
v 0.7784664 2.4371327999999997 -1.8564756
v 0.6626484 2.2649075999999995 -2.0042243999999996
v 0.7784652 2.4371327999999997 -2.0042243999999996
v -0.6626472 2.2649075999999995 -2.0042243999999996
v -0.7780812 2.4372599999999993 -1.8564756
v -0.7780812 2.4372599999999993 -2.0042243999999996
v -0.8566104 2.5569587999999994 -1.8564756
v -0.8566104 2.5569587999999994 -2.0042243999999996
v 0.6226884 2.2389767999999997 -2.0042243999999996
v 0.4673004 2.1352355999999997 -1.8564756
v 0.4673004 2.1352355999999997 -2.0042243999999996
v 0.3586224 2.0617643999999995 -2.0042243999999996
v 0.6226884 2.2389767999999997 -1.8564756
v -0.46864680000000003 2.135556 -2.0042243999999996
v -0.62256 2.2387199999999994 -1.8564756
v -0.62256 2.2387199999999994 -2.0042243999999996
v -0.3586212 2.0617643999999995 -2.0042243999999996
v -0.46864680000000003 2.135556 -1.8564756
v -0.0 1.9904303999999997 -2.0042243999999996
v -0.0 1.9904303999999997 -2.0382888
v 0.3586224 2.0617643999999995 -2.0382888
v 0.6626484 2.2649087999999997 -2.0382888
v 0.8657916 2.5689336 -2.0382888
v 0.9371256 2.9275559999999996 -2.0382888
v 0.8657916 3.2861784 -2.0382888
v 0.6626484 3.5902031999999995 -2.0382888
v 0.3586224 3.7933475999999997 -2.0382888
v -0.0 3.8646815999999995 -2.0382888
v -0.3586224 3.7933475999999997 -2.0382888
v -0.6626484 3.5902031999999995 -2.0382888
v -0.8657916 3.2861784 -2.0382888
v -0.9371256 2.9275547999999993 -2.0382888
v -0.8657916 2.5689324 -2.0382888
v -0.6626472 2.2649075999999995 -2.0382888
v -0.3586212 2.0617643999999995 -2.0382888
v -0.0 1.9904303999999997 -1.4173475999999998
v 0.3586224 2.0617643999999995 -1.4173475999999998
v 0.6626484 2.2649087999999997 -1.4173475999999998
v 0.8657916 2.5689336 -1.4173475999999998
v 0.9371256 2.9275559999999996 -1.4173475999999998
v 0.8657916 3.2861784 -1.4173475999999998
v 0.6626484 3.5902031999999995 -1.4173475999999998
v 0.3586224 3.7933475999999997 -1.4173475999999998
v -0.0 3.8646815999999995 -1.4173475999999998
v -0.3586224 3.7933475999999997 -1.4173475999999998
v -0.6626484 3.5902031999999995 -1.4173475999999998
v -0.8657916 3.2861784 -1.4173475999999998
v -0.9371256 2.9275547999999993 -1.4173475999999998
v -0.8657916 2.5689324 -1.4173475999999998
v -0.6626472 2.2649075999999995 -1.4173475999999998
v -0.3586212 2.0617643999999995 -1.4173475999999998
v -0.0 2.1401531999999994 -2.0382888
v 0.30132600000000004 2.2000908 -2.0382888
v 0.5567772 2.3707787999999996 -2.0382888
v 0.7274652 2.6262299999999996 -2.0382888
v 0.7874015999999999 2.9275559999999996 -2.0382888
v 0.7274652 3.2288819999999996 -2.0382888
v 0.5567772 3.4843331999999996 -2.0382888
v 0.30132600000000004 3.6550211999999997 -2.0382888
v -0.0 3.7149588 -2.0382888
v -0.30132600000000004 3.6550211999999997 -2.0382888
v -0.5567772 3.4843331999999996 -2.0382888
v -0.7274652 3.2288807999999998 -2.0382888
v -0.7874015999999999 2.9275547999999993 -2.0382888
v -0.727464 2.6262299999999996 -2.0382888
v -0.5567772 2.3707776 -2.0382888
v -0.3013248 2.2000908 -2.0382888
v -0.0 2.6207711999999996 -1.5494568
v 0.117402 2.6441243999999995 -1.5494568
v 0.21692999999999998 2.7106272 -1.5494568
v 0.28343159999999995 2.810154 -1.5494568
v 0.30678479999999997 2.9275559999999996 -1.5494568
v 0.2834328 3.0449579999999994 -1.5494568
v 0.21692999999999998 3.1444859999999997 -1.5494568
v 0.1174008 3.2109875999999997 -1.5494568
v -0.0 3.2343408 -1.5494568
v -0.117402 3.2109875999999997 -1.5494568
v -0.21692999999999998 3.1444859999999997 -1.5494568
v -0.2834328 3.0449568 -1.5494568
v -0.30678479999999997 2.9275559999999996 -1.5494568
v -0.28343159999999995 2.810154 -1.5494568
v -0.21692879999999998 2.7106259999999995 -1.5494568
v -0.1174008 2.6441231999999997 -1.5494568
v -0.5811012 2.9275547999999993 -1.7374068
v 0.5368668 3.1499339999999996 -1.7374068
v -0.536868 3.1499327999999998 -1.7374068
v 0.5811012 2.9275559999999996 -1.7374068
v -0.4109004 3.3384563999999997 -1.7374068
v 0.5368668 2.7051779999999996 -1.7374068
v -0.222378 3.4644228 -1.7374068
v -0.0 2.3464547999999996 -1.7374068
v 0.4109004 2.5166556 -1.7374068
v -0.2223768 2.3906879999999995 -1.7374068
v -0.0 3.5086571999999996 -1.7374068
v 0.222378 2.3906891999999997 -1.7374068
v -0.4109004 2.5166556 -1.7374068
v 0.222378 3.4644228 -1.7374068
v -0.5368668 2.7051779999999996 -1.7374068
v 0.4109004 3.3384563999999997 -1.7374068
v -0.7495332 3.7552955999999993 -1.8564756
v -3.1837847999999997 4.764865199999999 -1.7264472
v -3.333996 4.9896731999999995 -0.0
v -3.2699952 4.893888 -1.7264472
v -2.0633772 3.0880571999999997 -2.0042243999999996
v -1.9200203999999998 2.8735091999999995 -2.0042243999999996
v -1.8517344 2.7713124 -2.0042243999999996
v -1.7124348 2.5628363999999997 -2.0042243999999996
v -1.6400916 2.4545663999999996 -2.0042243999999996
v -1.5048504 2.2521647999999996 -2.0042243999999996
v -3.1011876 4.641248399999999 -2.0042243999999996
v -1.4284488 2.1378215999999997 -2.0042243999999996
v -1.297266 1.9414931999999998 -2.0042243999999996
v -1.2168047999999998 1.8210755999999997 -2.0042243999999996
v -2.1276048 3.1841807999999996 -2.0042243999999996
v -2.1276048 3.1841807999999996 -1.8564756
v -1.0896816 1.6308215999999998 -2.0042243999999996
v -1.0742208 1.6076831999999996 -1.9550051999999998
v -1.2168047999999998 1.8210755999999997 -1.8564756
v -1.297266 1.9414931999999998 -1.8564756
v -1.4284488 2.1378215999999997 -1.8564756
v -1.5048504 2.2521647999999996 -1.8564756
v -1.6400916 2.4545663999999996 -1.8564756
v -1.7124348 2.5628363999999997 -1.8564756
v -1.8517344 2.7713124 -1.8564756
v -1.9200203999999998 2.8735091999999995 -1.8564756
v -2.0633772 3.0880571999999997 -1.8564756
v -1.0592424 1.5852671999999997 -2.0230884
v -2.2521671999999997 1.5048479999999997 -1.8564756
v -2.4545688 1.6400879999999998 -1.8564756
v -2.5628387999999998 1.7124323999999997 -1.8564756
v -3.0880607999999996 2.0633736 -2.0042243999999996
v -2.7713148000000003 1.8517307999999997 -1.8564756
v -3.0880607999999996 2.0633736 -1.8564756
v -2.8735116 1.9200155999999995 -2.0042243999999996
v -2.7713148000000003 1.8517307999999997 -2.0042243999999996
v -4.7648688 3.1837788 -1.7264472
v -2.5628387999999998 1.7124323999999997 -2.0042243999999996
v -2.4545688 1.6400879999999998 -2.0042243999999996
v -2.2521671999999997 1.5048479999999997 -2.0042243999999996
v -2.1378228 1.4284451999999999 -2.0042243999999996
v -1.9414943999999998 1.2972635999999997 -2.0042243999999996
v -4.989676800000001 3.3339899999999996 -0.0
v -1.8210767999999997 1.2168023999999997 -2.0042243999999996
v -4.8938928 3.2699891999999995 -1.7264472
v -4.6412531999999995 3.1011815999999994 -2.0042243999999996
v -3.1841844 2.1275999999999997 -2.0042243999999996
v -3.1841844 2.1275999999999997 -1.8564756
v -1.6308228 1.0896791999999997 -2.0042243999999996
v -1.6076844 1.0742183999999997 -1.9550051999999998
v -1.5852684 1.0592399999999997 -2.0230884
v -1.8210767999999997 1.2168023999999997 -1.8564756
v -1.9414943999999998 1.2972635999999997 -1.8564756
v -2.1378228 1.4284451999999999 -1.8564756
v -2.8735116 1.9200155999999995 -1.8564756
v -5.620544399999999 1.1179907999999996 -1.7264472
v -2.1481068 0.4272827999999997 -2.0042243999999996
v -2.521734 0.5016011999999997 -2.0042243999999996
v -5.885724 1.1707379999999998 -0.0
v -5.772738 1.1482632 -1.7264472
v -2.6566115999999997 0.5284307999999999 -2.0042243999999996
v -3.0230748000000003 0.6013235999999995 -2.0042243999999996
v -3.2689884 0.6502391999999997 -2.0042243999999996
v -3.6426144000000003 0.7245575999999998 -2.0042243999999996
v -5.474729999999999 1.0889867999999996 -2.0042243999999996
v -3.756 0.7471115999999997 -2.0042243999999996
v -1.9236851999999998 0.3826427999999998 -2.0042243999999996
v -3.756 0.7471115999999997 -1.8564756
v -1.8963923999999999 0.3772139999999998 -1.9550051999999998
v -1.8699515999999998 0.3719543999999995 -2.0230884
v -3.6426144000000003 0.7245575999999998 -1.8564756
v -3.2689884 0.6502391999999997 -1.8564756
v -3.0230748000000003 0.6013235999999995 -1.8564756
v -2.6566115999999997 0.5284307999999999 -1.8564756
v -2.521734 0.5016011999999997 -1.8564756
v -2.1481068 0.4272827999999997 -1.8564756
v -2.2901484 0.4555367999999996 -2.0042243999999996
v -2.8953612 0.5759207999999996 -2.0042243999999996
v -3.3895367999999997 0.6742175999999999 -2.0042243999999996
v -2.2901484 0.4555367999999996 -1.8564756
v -2.8953612 0.5759207999999996 -1.8564756
v -3.3895367999999997 0.6742175999999999 -1.8564756
v -5.620542 -1.1180016000000002 -1.7264472
v -2.1481055999999996 -0.4272876000000004 -2.0042243999999996
v -2.5217327999999997 -0.5016072000000001 -2.0042243999999996
v -2.6566104 -0.5284356 -2.0042243999999996
v -3.0230736 -0.6013296000000004 -2.0042243999999996
v -3.2689871999999998 -0.6502452 -2.0042243999999996
v -3.6426132 -0.7245648000000002 -2.0042243999999996
v -5.885721599999999 -1.1707500000000004 -1.2000000000345068e-06
v -5.7727356 -1.1482752000000005 -1.7264472
v -2.1481055999999996 -0.4272876000000004 -1.8564756
v -5.4747288 -1.0889976000000003 -2.0042243999999996
v -3.7559988 -0.7471188000000001 -2.0042243999999996
v -1.9236851999999998 -0.38264640000000033 -2.0042243999999996
v -3.7559988 -0.7471188000000001 -1.8564756
v -1.8963911999999998 -0.3772176000000003 -1.9550051999999998
v -1.8699504 -0.37195800000000007 -2.0230884
v -3.6426132 -0.7245648000000002 -1.8564756
v -3.2689871999999998 -0.6502452 -1.8564756
v -3.0230736 -0.6013296000000004 -1.8564756
v -2.6566104 -0.5284356 -1.8564756
v -2.5217327999999997 -0.5016072000000001 -1.8564756
v -2.2901484 -0.45554160000000027 -2.0042243999999996
v -2.8953599999999997 -0.5759256000000003 -2.0042243999999996
v -3.3895367999999997 -0.6742248000000003 -2.0042243999999996
v -2.2901484 -0.45554160000000027 -1.8564756
v -2.8953599999999997 -0.5759256000000003 -1.8564756
v -3.3895367999999997 -0.6742248000000003 -1.8564756
v -4.7648627999999995 -3.1837883999999996 -1.7264484
v -1.8210756 -1.216806 -1.8564756
v -4.9896708 -3.3339996000000003 -1.2000000000345068e-06
v -4.8938856 -3.2699987999999998 -1.7264484
v -4.6412472 -3.1011912 -2.0042256
v -3.1841795999999998 -2.1276072 -2.0042256
v -1.6308204 -1.0896828000000003 -2.0042243999999996
v -3.1841795999999998 -2.1276072 -1.8564756
v -1.6076819999999998 -1.074222 -1.9550051999999998
v -1.585266 -1.0592436000000003 -2.0230884
v -1.8210756 -1.216806 -2.0042243999999996
v -2.1378204 -1.4284500000000004 -2.0042243999999996
v -2.2521647999999996 -1.5048516000000003 -2.0042243999999996
v -2.4545664 -1.6400928000000001 -2.0042256
v -2.5628363999999997 -1.7124371999999999 -2.0042256
v -2.7713112 -1.8517356000000005 -2.0042256
v -2.8735079999999997 -1.9200215999999999 -2.0042256
v -3.0880571999999997 -2.0633795999999998 -2.0042256
v -1.9414919999999998 -1.2972672000000003 -2.0042243999999996
v -2.1378204 -1.4284500000000004 -1.8564756
v -2.2521647999999996 -1.5048516000000003 -1.8564756
v -2.4545664 -1.6400928000000001 -1.8564756
v -2.5628363999999997 -1.7124371999999999 -1.8564756
v -2.7713112 -1.8517356000000005 -1.8564756
v -2.8735079999999997 -1.9200215999999999 -1.8564756
v -3.0880571999999997 -2.0633795999999998 -1.8564756
v -1.9414919999999998 -1.2972672000000003 -1.8564756
v -3.1837752 -4.7648712 -1.7264484
v -1.2168024 -1.8210779999999998 -1.8564756
v -1.2972624 -1.9414956 -1.8564756
v -1.4284439999999998 -2.1378239999999997 -1.8564756
v -1.5048456 -2.2521684 -1.8564756
v -1.6400868 -2.45457 -1.8564756
v -1.71243 -2.5628412000000007 -1.8564756
v -1.8517283999999998 -2.771316 -1.8564756
v -1.9200144 -2.8735128 -1.8564756
v -2.0633711999999997 -3.0880620000000003 -1.8564756
v -3.3339876 -4.989679199999999 -1.2000000000345068e-06
v -3.2699856 -4.8938952 -1.7264484
v -3.101178 -4.641255600000001 -2.0042256
v -2.1275988 -3.1841855999999997 -2.0042256
v -1.089678 -1.6308228000000005 -2.0042243999999996
v -2.1275988 -3.1841855999999997 -1.8564756
v -1.0742171999999999 -1.6076856000000002 -1.9550051999999998
v -2.0633711999999997 -3.0880620000000003 -2.0042256
v -1.9200144 -2.8735128 -2.0042256
v -1.8517283999999998 -2.771316 -2.0042256
v -1.71243 -2.5628412000000007 -2.0042256
v -1.6400868 -2.45457 -2.0042256
v -1.5048456 -2.2521684 -2.0042256
v -1.4284439999999998 -2.1378239999999997 -2.0042256
v -1.2972624 -1.9414956 -2.0042256
v -1.2168024 -1.8210779999999998 -2.0042256
v -1.05924 -1.5852696000000004 -2.0230884
v -1.117992 -5.6205456 -1.7264484
v -0.7245588 -3.6426156 -1.8564756
v -1.1707392 -5.8857252 -1.2000000000345068e-06
v -1.1482644 -5.772739199999999 -1.7264484
v -1.088988 -5.474731200000001 -2.0042256
v -0.6742188 -3.389538 -2.0042256
v -0.7471127999999999 -3.7560012000000005 -2.0042256
v -0.6502391999999999 -3.2689884000000005 -2.0042256
v -0.6013248 -3.0230748000000007 -2.0042256
v -0.5759208 -2.8953612000000004 -2.0042256
v -0.5284308 -2.6566128000000004 -2.0042256
v -0.5016024 -2.5217340000000004 -2.0042256
v -0.45553679999999996 -2.2901483999999996 -2.0042256
v -0.427284 -2.1481068000000003 -2.0042256
v -0.427284 -2.1481068000000003 -1.8564756
v -0.45553679999999996 -2.2901483999999996 -1.8564756
v -0.382644 -1.9236864000000005 -2.0042256
v -0.7245588 -3.6426156 -2.0042256
v -0.5016024 -2.5217340000000004 -1.8564756
v -0.5284308 -2.6566128000000004 -1.8564756
v -0.5759208 -2.8953612000000004 -1.8564756
v -0.6013248 -3.0230748000000007 -1.8564756
v -0.6502391999999999 -3.2689884000000005 -1.8564756
v -0.7471127999999999 -3.7560012000000005 -1.8564756
v -0.6742188 -3.389538 -1.8564756
v -0.37721520000000003 -1.8963923999999999 -1.9550064
v -0.3719556 -1.8699516000000003 -2.0230884
v 0.4555392 -2.2901483999999996 -1.8564756
v 1.1707428 -5.8857228 -1.2000000000345068e-06
v 1.1482692 -5.7727368000000014 -1.7264484
v 0.5284331999999999 -2.6566116 -1.8564756
v 0.6013272000000001 -3.0230748000000007 -1.8564756
v 0.6742212 -3.3895367999999997 -1.8564756
v 1.1179956 -5.620544400000001 -1.7264484
v 1.0889916 -5.4747288 -2.0042256
v 0.7471152 -3.7560000000000002 -1.8564756
v 0.7471152 -3.7560000000000002 -2.0042256
v 0.3826452 -1.9236852000000004 -2.0042256
v 0.37721639999999995 -1.8963923999999999 -1.9550064
v 0.6742212 -3.3895367999999997 -2.0042256
v 0.6013272000000001 -3.0230748000000007 -2.0042256
v 0.5284331999999999 -2.6566116 -2.0042256
v 0.4555392 -2.2901483999999996 -2.0042256
v 0.37195680000000003 -1.8699504000000002 -2.0230884
v 0.42728520000000003 -2.1481056000000005 -2.0042256
v 0.5016036 -2.5217340000000004 -2.0042256
v 0.5759232 -2.8953612000000004 -2.0042256
v 0.6502416 -3.2689872 -2.0042256
v 0.7245612 -3.6426144000000003 -2.0042256
v 0.42728520000000003 -2.1481056000000005 -1.8564756
v 0.5016036 -2.5217340000000004 -1.8564756
v 0.5759232 -2.8953612000000004 -1.8564756
v 0.6502416 -3.2689872 -1.8564756
v 0.7245612 -3.6426144000000003 -1.8564756
v 3.3339936 -4.989674400000001 -1.2000000000345068e-06
v 3.2699928000000003 -4.893890399999999 -1.7264484
v 1.851732 -2.7713136 -1.8564756
v 1.9200179999999998 -2.8735104 -1.8564756
v 2.0633748 -3.0880596000000002 -1.8564756
v 3.1837823999999997 -4.7648664 -1.7264484
v 3.1011852 -4.6412508 -2.0042256
v 1.2168047999999998 -1.8210768000000006 -1.8564756
v 1.2972648 -1.9414943999999998 -1.8564756
v 1.4284476 -2.1378228 -1.8564756
v 1.5048492 -2.2521660000000003 -1.8564756
v 1.6400903999999998 -2.4545676 -1.8564756
v 1.7124336 -2.5628388 -1.8564756
v 2.1276024 -3.1841832000000005 -1.8564756
v 2.1276024 -3.1841832000000005 -2.0042256
v 1.7124336 -2.5628388 -2.0042256
v 1.6400903999999998 -2.4545676 -2.0042256
v 1.5048492 -2.2521660000000003 -2.0042256
v 1.4284476 -2.1378228 -2.0042256
v 1.2972648 -1.9414943999999998 -2.0042256
v 1.2168047999999998 -1.8210768000000006 -2.0042256
v 1.0896804 -1.6308216000000002 -2.0042243999999996
v 2.0633748 -3.0880596000000002 -2.0042256
v 1.9200179999999998 -2.8735104 -2.0042256
v 1.0742196 -1.6076844 -1.9550051999999998
v 1.851732 -2.7713136 -2.0042256
v 1.0592424 -1.5852684000000001 -2.0230884
v 4.9896744 -3.3339947999999997 -1.2000000000345068e-06
v 4.8938892 -3.2699928000000003 -1.7264484
v 4.7648664 -3.1837823999999997 -1.7264484
v 1.8210767999999997 -1.2168048000000005 -2.0042243999999996
v 4.6412508 -3.1011852000000006 -2.0042256
v 1.9414932 -1.2972648000000004 -1.8564756
v 2.1378215999999997 -1.4284476000000002 -1.8564756
v 3.1841832 -2.1276024000000002 -1.8564756
v 3.0880596000000002 -2.0633748 -2.0042256
v 2.8735104 -1.9200180000000004 -2.0042256
v 2.7713136 -1.8517332 -2.0042256
v 2.5628376 -1.7124336000000004 -2.0042256
v 2.4545676 -1.6400903999999998 -2.0042256
v 2.252166 -1.5048492000000004 -2.0042243999999996
v 3.1841832 -2.1276024000000002 -2.0042256
v 2.1378215999999997 -1.4284476000000002 -2.0042243999999996
v 1.9414932 -1.2972648000000004 -2.0042243999999996
v 2.252166 -1.5048492000000004 -1.8564756
v 2.4545676 -1.6400903999999998 -1.8564756
v 2.5628376 -1.7124336000000004 -1.8564756
v 2.7713136 -1.8517332 -1.8564756
v 2.8735104 -1.9200180000000004 -1.8564756
v 3.0880596000000002 -2.0633748 -1.8564756
v 1.6308216 -1.0896804000000004 -2.0042243999999996
v 1.6076832 -1.0742196000000004 -1.9550051999999998
v 1.8210767999999997 -1.2168048000000005 -1.8564756
v 1.5852671999999999 -1.0592424 -2.0230884
v 2.5217327999999997 -0.5016048000000003 -2.0042243999999996
v 2.2901484 -0.4555392000000005 -2.0042243999999996
v 2.1481068 -0.42728520000000003 -2.0042243999999996
v 5.8857228 -1.1707440000000002 -1.2000000000345068e-06
v 5.7727368 -1.1482692 -1.7264472
v 2.1481068 -0.42728520000000003 -1.8564756
v 2.5217327999999997 -0.5016048000000003 -1.8564756
v 5.620543199999999 -1.1179956000000004 -1.7264472
v 3.6426144000000003 -0.7245612000000002 -2.0042243999999996
v 3.3895367999999997 -0.6742212000000004 -2.0042243999999996
v 3.2689871999999998 -0.6502428000000001 -2.0042243999999996
v 5.4747288 -1.0889916000000002 -2.0042243999999996
v 3.0230736 -0.6013272000000001 -2.0042243999999996
v 2.8953599999999997 -0.5759232000000004 -2.0042243999999996
v 2.6566104 -0.5284332000000003 -2.0042243999999996
v 3.756 -0.7471152000000002 -2.0042243999999996
v 3.756 -0.7471152000000002 -1.8564756
v 1.9236851999999998 -0.38264520000000013 -2.0042243999999996
v 2.6566104 -0.5284332000000003 -1.8564756
v 2.8953599999999997 -0.5759232000000004 -1.8564756
v 3.0230736 -0.6013272000000001 -1.8564756
v 3.2689871999999998 -0.6502428000000001 -1.8564756
v 3.3895367999999997 -0.6742212000000004 -1.8564756
v 1.8963923999999999 -0.3772164000000002 -1.9550051999999998
v 3.6426144000000003 -0.7245612000000002 -1.8564756
v 1.8699504 -0.3719568000000004 -2.0230884
v 2.2901484 -0.4555392000000005 -1.8564756
v 5.8857228 1.1707415999999997 -0.0
v 5.7727368 1.1482679999999996 -1.7264472
v 5.620543199999999 1.1179943999999997 -1.7264472
v 3.6426144000000003 0.7245599999999995 -2.0042243999999996
v 3.3895367999999997 0.6742199999999997 -2.0042243999999996
v 3.2689871999999998 0.6502416 -2.0042243999999996
v 2.1481068 0.42728399999999983 -2.0042243999999996
v 2.5217327999999997 0.5016035999999996 -2.0042243999999996
v 2.6566104 0.5284319999999996 -2.0042243999999996
v 3.0230736 0.6013259999999999 -2.0042243999999996
v 5.4747288 1.0889903999999997 -2.0042243999999996
v 3.756 0.747114 -2.0042243999999996
v 3.756 0.747114 -1.8564756
v 1.9236851999999998 0.382644 -2.0042243999999996
v 1.8963923999999999 0.37721520000000003 -1.9550051999999998
v 3.0230736 0.6013259999999999 -1.8564756
v 2.6566104 0.5284319999999996 -1.8564756
v 2.5217327999999997 0.5016035999999996 -1.8564756
v 2.1481068 0.42728399999999983 -1.8564756
v 3.2689871999999998 0.6502416 -1.8564756
v 1.8699504 0.3719555999999997 -2.0230884
v 3.3895367999999997 0.6742199999999997 -1.8564756
v 3.6426144000000003 0.7245599999999995 -1.8564756
v 2.2901484 0.4555379999999998 -2.0042243999999996
v 2.8953599999999997 0.5759219999999997 -2.0042243999999996
v 2.2901484 0.4555379999999998 -1.8564756
v 2.8953599999999997 0.5759219999999997 -1.8564756
v 2.7713136 1.8517319999999997 -1.8564756
v 2.252166 1.5048491999999996 -1.8564756
v 1.8210767999999997 1.2168035999999998 -1.8564756
v 1.8210767999999997 1.2168035999999998 -2.0042243999999996
v 2.1378228 1.4284463999999997 -2.0042243999999996
v 4.9896744 3.3339935999999994 -0.0
v 4.8938892 3.2699916 -1.7264472
v 2.252166 1.5048491999999996 -2.0042243999999996
v 2.5628376 1.7124335999999996 -2.0042243999999996
v 2.7713136 1.8517319999999997 -2.0042243999999996
v 3.0880596000000002 2.0633747999999996 -2.0042243999999996
v 4.7648664 3.1837812 -1.7264472
v 4.6412508 3.101184 -2.0042243999999996
v 3.1841832 2.1276024 -2.0042243999999996
v 3.1841832 2.1276024 -1.8564756
v 1.6308216 1.0896803999999995 -2.0042243999999996
v 1.6076832 1.0742195999999997 -1.9550051999999998
v 1.5852671999999999 1.0592411999999995 -2.0230884
v 3.0880596000000002 2.0633747999999996 -1.8564756
v 2.5628376 1.7124335999999996 -1.8564756
v 2.1378228 1.4284463999999997 -1.8564756
v 1.9414932 1.2972647999999996 -2.0042243999999996
v 2.4545676 1.6400891999999996 -2.0042243999999996
v 2.8735104 1.9200179999999996 -2.0042243999999996
v 1.9414932 1.2972647999999996 -1.8564756
v 2.4545676 1.6400891999999996 -1.8564756
v 2.8735104 1.9200179999999996 -1.8564756
v 3.3339936 4.989674399999999 -0.0
v 3.2699916 4.893890399999999 -1.7264472
v 3.1837823999999997 4.7648664 -1.7264472
v 3.101184 4.641250799999999 -2.0042243999999996
v 2.1276024 3.184182 -2.0042243999999996
v 2.1276024 3.184182 -1.8564756
v 1.0896804 1.6308215999999998 -2.0042243999999996
v 1.0742196 1.6076831999999996 -1.9550051999999998
v 1.0592412 1.5852671999999997 -2.0230884
v 1.2168047999999998 1.8210767999999995 -2.0042243999999996
v 1.2972648 1.9414931999999998 -2.0042243999999996
v 1.4284464 2.1378215999999997 -2.0042243999999996
v 1.5048492 2.252166 -2.0042243999999996
v 1.6400892 2.4545676 -2.0042243999999996
v 1.7124336 2.5628375999999995 -2.0042243999999996
v 1.851732 2.7713135999999996 -2.0042243999999996
v 1.9200179999999998 2.8735104 -2.0042243999999996
v 2.0633748 3.0880596 -2.0042243999999996
v 1.2168047999999998 1.8210767999999995 -1.8564756
v 1.2972648 1.9414931999999998 -1.8564756
v 1.4284464 2.1378215999999997 -1.8564756
v 1.5048492 2.252166 -1.8564756
v 1.6400892 2.4545676 -1.8564756
v 1.7124336 2.5628375999999995 -1.8564756
v 1.851732 2.7713135999999996 -1.8564756
v 1.9200179999999998 2.8735104 -1.8564756
v 2.0633748 3.0880596 -1.8564756
v -1.1179979999999998 5.620543199999999 -1.7264472
v -1.1707451999999998 5.885721599999999 -0.0
v -1.1482704 5.7727356 -1.7264472
v -1.088994 5.474727599999999 -2.0042243999999996
v 1.1707416 5.8857228 -0.0
v 1.1482668 5.772736799999999 -1.7264472
v 1.1179944 5.620543199999999 -1.7264472
v 1.0889904 5.474728799999999 -2.0042243999999996
v -0.7496195999999999 3.7553039999999993 -2.0042243999999996
v 0.7468980000000001 3.7562016 -2.0042243999999996
v -0.37608 1.8967955999999995 -1.9550051999999998
v -0.369732 1.8711035999999996 -2.0230884
v -0.3826332 1.9233155999999996 -2.0042243999999996
v 0.3846768 1.9228787999999994 -2.0042243999999996
v 0.378462 1.8962915999999996 -1.9550051999999998
v 0.3724416 1.8705335999999997 -2.0230884
v -0.7216272 3.6422183999999995 -2.0042243999999996
v -0.7214616 3.6418763999999997 -1.8564756
v 0.7466016000000001 3.756512399999999 -1.8564756
v 0.7242456 3.6424163999999997 -2.0042243999999996
v 0.7243608 3.6424752 -1.8564756
v -0.0 2.7219035999999996 -2.0900664
v -0.0 2.6588591999999993 -1.9957128
v -0.0 2.6588591999999993 -1.7731164
v 0.04259159999999999 2.8247304 -2.1531119999999997
v 0.0786996 2.7375587999999995 -2.0900664
v 0.1028256 2.679312 -1.9957128
v 0.1112976 2.6588591999999993 -1.884414
v 0.1028256 2.679312 -1.7731164
v 0.0786996 2.7375587999999995 -1.6787615999999999
v 0.0 2.7652308 -1.5221052
v 0.0786996 2.8488564 -2.1531119999999997
v 0.1454184 2.7821388 -2.0900664
v 0.18999839999999998 2.7375587999999995 -1.9957128
v 0.20565239999999999 2.7219035999999996 -1.884414
v 0.18999839999999998 2.7375587999999995 -1.7731164
v 0.1454184 2.7821388 -1.6787615999999999
v -0.0621192 2.7775884 -1.5221052
v 0.1028256 2.8849644 -2.1531119999999997
v 0.18999839999999998 2.8488564 -2.0900664
v 0.248244 2.8247304 -1.9957128
v 0.268698 2.8162583999999997 -1.884414
v 0.248244 2.8247304 -1.7731164
v 0.18999839999999998 2.8488564 -1.6787615999999999
v -0.1147812 2.8127748 -1.5221052
v 0.1112976 2.9275559999999996 -2.1531119999999997
v 0.20565239999999999 2.9275559999999996 -2.0900664
v 0.268698 2.9275559999999996 -1.9957128
v 0.29083559999999997 2.9275559999999996 -1.884414
v 0.268698 2.9275559999999996 -1.7731164
v 0.20565239999999999 2.9275559999999996 -1.6787615999999999
v -0.14996879999999999 2.8654368 -1.5221052
v 0.1028256 2.9701487999999996 -2.1531119999999997
v 0.1899972 3.0062567999999996 -2.0900664
v 0.248244 3.0303827999999995 -1.9957128
v 0.268698 3.0388547999999997 -1.884414
v 0.248244 3.0303827999999995 -1.7731164
v 0.1899972 3.0062567999999996 -1.6787615999999999
v -0.1623252 2.9275559999999996 -1.5221052
v 0.0786996 3.0062567999999996 -2.1531119999999997
v 0.1454184 3.0729743999999997 -2.0900664
v 0.1899972 3.1175544 -1.9957128
v 0.20565239999999999 3.1332083999999996 -1.884414
v 0.1899972 3.1175544 -1.7731164
v 0.1454184 3.0729743999999997 -1.6787615999999999
v -0.14996879999999999 2.9896751999999998 -1.5221052
v 0.04259159999999999 3.0303827999999995 -2.1531119999999997
v 0.0786996 3.1175544 -2.0900664
v 0.1028256 3.1757999999999993 -1.9957128
v 0.1112976 3.1962539999999993 -1.884414
v 0.1028256 3.1757999999999993 -1.7731164
v 0.0786996 3.1175544 -1.6787615999999999
v -0.1147812 3.0423372 -1.5221052
v -0.0 3.0388547999999997 -2.1531119999999997
v -0.0 3.1332083999999996 -2.0900664
v -0.0 3.1962539999999993 -1.9957128
v -0.0 3.2183927999999997 -1.884414
v -0.0 3.1962539999999993 -1.7731164
v -0.0 3.1332083999999996 -1.6787615999999999
v -0.0621192 3.0775247999999995 -1.5221052
v -0.04259159999999999 3.0303827999999995 -2.1531119999999997
v -0.0786996 3.1175544 -2.0900664
v -0.1028256 3.1757999999999993 -1.9957128
v -0.11129879999999999 3.1962539999999993 -1.884414
v -0.1028256 3.1757999999999993 -1.7731164
v -0.0786996 3.1175544 -1.6787615999999999
v -0.0 3.0898811999999993 -1.5221052
v -0.0786996 3.0062567999999996 -2.1531119999999997
v -0.1454184 3.0729743999999997 -2.0900664
v -0.18999839999999998 3.1175544 -1.9957128
v -0.20565239999999999 3.1332083999999996 -1.884414
v -0.18999839999999998 3.1175544 -1.7731164
v -0.1454184 3.0729743999999997 -1.6787615999999999
v 0.0621192 3.0775247999999995 -1.5221052
v -0.1028256 2.9701475999999998 -2.1531119999999997
v -0.18999839999999998 3.0062556 -2.0900664
v -0.248244 3.0303827999999995 -1.9957128
v -0.268698 3.0388535999999995 -1.884414
v -0.248244 3.0303827999999995 -1.7731164
v -0.18999839999999998 3.0062556 -1.6787615999999999
v 0.1147812 3.0423372 -1.5221052
v -0.11129879999999999 2.9275559999999996 -2.1531119999999997
v -0.20565239999999999 2.9275559999999996 -2.0900664
v -0.268698 2.9275559999999996 -1.9957128
v -0.29083559999999997 2.9275559999999996 -1.884414
v -0.268698 2.9275559999999996 -1.7731164
v -0.20565239999999999 2.9275559999999996 -1.6787615999999999
v 0.14996879999999999 2.9896751999999998 -1.5221052
v -0.1028256 2.8849644 -2.1531119999999997
v -0.1899972 2.8488564 -2.0900664
v -0.248244 2.8247304 -1.9957128
v -0.268698 2.8162583999999997 -1.884414
v -0.248244 2.8247304 -1.7731164
v -0.1899972 2.8488564 -1.6787615999999999
v 0.1623252 2.9275559999999996 -1.5221052
v -0.0786996 2.8488564 -2.1531119999999997
v -0.1454184 2.7821388 -2.0900664
v -0.1899972 2.7375587999999995 -1.9957128
v -0.20565239999999999 2.7219035999999996 -1.884414
v -0.1899972 2.7375587999999995 -1.7731164
v -0.1454184 2.7821388 -1.6787615999999999
v 0.14996879999999999 2.8654368 -1.5221052
v -0.04259159999999999 2.8247304 -2.1531119999999997
v -0.0786996 2.7375587999999995 -2.0900664
v -0.1028256 2.679312 -1.9957128
v -0.1112976 2.6588591999999993 -1.884414
v -0.1028256 2.679312 -1.7731164
v -0.0786996 2.7375587999999995 -1.6787615999999999
v 0.1147812 2.8127748 -1.5221052
v -0.0 2.9275559999999996 -2.1752507999999997
v -0.0 2.8162583999999997 -2.1531119999999997
v 0.0 2.6367203999999993 -1.884414
v 0.0 2.7219035999999996 -1.6787615999999999
v 0.0621192 2.7775871999999997 -1.5221052
v -2.2521671999999997 1.5048479999999997 -1.8564756
v -2.5020432 1.0363775999999996 -1.8564756
v 2.5217327999999997 -0.5016048000000003 -2.0042243999999996
v 2.5706952 -0.0 -2.0042243999999996
v -1.117992 -5.6205456 -1.7264484
v -2.1926424 -5.29353 -1.7264484
v 2.7713136 1.8517319999999997 -1.8564756
v 2.356404 2.3564027999999997 -1.8564756
v 0.4555392 -2.2901483999999996 -1.8564756
v 0.893418 -2.1569016 -1.8564756
v 1.1707428 -5.8857228 -1.2000000000345068e-06
v 2.2961004 -5.543277600000001 -1.2000000000345068e-06
v 2.2901484 -0.4555392000000005 -2.0042243999999996
v 2.3346131999999997 -0.0 -2.0042243999999996
v 1.1482692 -5.7727368000000014 -1.7264484
v -0.0 -5.8848204 -1.7264484
v -2.4545688 1.6400879999999998 -1.8564756
v -2.7269016 1.1295167999999998 -1.8564756
v -3.1837752 -4.7648712 -1.7264484
v -4.0514844 -4.051495200000001 -1.7264484
v 2.252166 1.5048491999999996 -1.8564756
v 1.9149804 1.9149803999999997 -1.8564756
v 0.5284331999999999 -2.6566116 -1.8564756
v 1.03638 -2.5020432 -1.8564756
v 0.6013272000000001 -3.0230748000000007 -1.8564756
v 1.179342 -2.8471848000000004 -1.8564756
v 3.3339936 -4.989674400000001 -1.2000000000345068e-06
v 4.2426408 -4.2426408 -1.2000000000345068e-06
v 2.1481068 -0.42728520000000003 -2.0042243999999996
v 2.189814 -0.0 -2.0042243999999996
v 3.2699928000000003 -4.893890399999999 -1.7264484
v 2.2520232 -5.4368652 -1.7264484
v 0.6742212 -3.3895367999999997 -1.8564756
v 1.322304 -3.1923252000000004 -1.8564756
v -2.5628387999999998 1.7124323999999997 -1.8564756
v -2.8471847999999995 1.1793395999999996 -1.8564756
v -4.7648627999999995 -3.1837883999999996 -1.7264484
v -5.293524 -2.1926568 -1.7264484
v 1.8210767999999997 1.2168035999999998 -1.8564756
v 1.5484319999999998 1.5484319999999996 -1.8564756
v -1.8210756 -1.216806 -1.8564756
v -1.5484295999999997 -1.5484343999999999 -1.8564756
v 4.9896744 -3.3339947999999997 -1.2000000000345068e-06
v 5.543277600000001 -2.2961016000000005 -1.2000000000345068e-06
v -3.0880607999999996 2.0633736 -2.0042243999999996
v -3.43068 1.4210303999999996 -2.0042243999999996
v 4.8938892 -3.2699928000000003 -1.7264484
v 4.1611968 -4.1611956 -1.7264484
v -2.7713148000000003 1.8517307999999997 -1.8564756
v -3.0787908 1.2752735999999998 -1.8564756
v -5.620542 -1.1180016000000002 -1.7264472
v -5.7296724 -6.00000000030576e-06 -1.7264472
v -3.0880607999999996 2.0633736 -1.8564756
v -3.43068 1.4210303999999996 -1.8564756
v 5.8857228 -1.1707440000000002 -1.2000000000345068e-06
v 6.0 -1.2000000001677334e-06 -0.0
v -2.8735116 1.9200155999999995 -2.0042243999999996
v -3.1923264 1.3223015999999996 -2.0042243999999996
v 5.7727368 -1.1482692 -1.7264472
v 5.4368652 -2.2520231999999996 -1.7264484
v 2.1481068 -0.42728520000000003 -1.8564756
v 2.189814 -0.0 -1.8564756
v -5.620544399999999 1.1179907999999996 -1.7264472
v -5.2935288 2.1926459999999994 -1.7264472
v 2.5217327999999997 -0.5016048000000003 -1.8564756
v 2.5706952 -0.0 -1.8564756
v 5.8857228 1.1707415999999997 -0.0
v 5.543277600000001 2.2960991999999996 -0.0
v -2.7713148000000003 1.8517307999999997 -2.0042243999999996
v -3.0787908 1.2752735999999998 -2.0042243999999996
v 5.7727368 1.1482679999999996 -1.7264472
v 5.8848204 -0.0 -1.7264472
v 1.851732 -2.7713136 -1.8564756
v 2.356404 -2.356404 -1.8564756
v 1.8210767999999997 1.2168035999999998 -2.0042243999999996
v 1.5484319999999998 1.5484319999999996 -2.0042243999999996
v -4.7648688 3.1837788 -1.7264472
v -4.051492799999999 4.0514868 -1.7264472
v 2.1378228 1.4284463999999997 -2.0042243999999996
v 1.8177564 1.8177563999999995 -2.0042243999999996
v 1.9200179999999998 -2.8735104 -1.8564756
v 2.4432996 -2.4432996 -1.8564756
v 4.9896744 3.3339935999999994 -0.0
v 4.2426408 4.242640799999999 -0.0
v -2.5628387999999998 1.7124323999999997 -2.0042243999999996
v -2.8471847999999995 1.1793395999999996 -2.0042243999999996
v 4.8938892 3.2699916 -1.7264472
v 5.4368652 2.2520219999999997 -1.7264472
v 2.0633748 -3.0880596000000002 -1.8564756
v 2.6257271999999996 -2.6257271999999996 -1.8564756
v 2.252166 1.5048491999999996 -2.0042243999999996
v 1.9149804 1.9149803999999997 -2.0042243999999996
v -3.1837847999999997 4.764865199999999 -1.7264472
v -2.1926531999999996 5.293525199999999 -1.7264472
v 2.5628376 1.7124335999999996 -2.0042243999999996
v 2.17914 2.17914 -2.0042243999999996
v -1.2168024 -1.8210779999999998 -1.8564756
v -0.8380032 -2.0231256000000006 -1.8564756
v 3.3339936 4.989674399999999 -0.0
v 2.2960992 5.543277600000001 -0.0
v -2.4545688 1.6400879999999998 -2.0042243999999996
v -2.7269016 1.1295167999999998 -2.0042243999999996
v 3.2699916 4.893890399999999 -1.7264472
v 4.1611968 4.1611956 -1.7264472
v -1.2972624 -1.9414956 -1.8564756
v -0.8934143999999999 -2.1569028 -1.8564756
v 2.7713136 1.8517319999999997 -2.0042243999999996
v 2.356404 2.3564027999999997 -2.0042243999999996
v -1.1179979999999998 5.620543199999999 -1.7264472
v -2.4e-06 5.7296724 -1.7264472
v 3.0880596000000002 2.0633747999999996 -2.0042243999999996
v 2.6257271999999996 2.6257271999999996 -2.0042243999999996
v -1.4284439999999998 -2.1378239999999997 -1.8564756
v -0.9837588 -2.3750147999999998 -1.8564756
v -1.5048456 -2.2521684 -1.8564756
v -1.0363764 -2.5020444000000004 -1.8564756
v 1.1707416 5.8857228 -0.0
v -2.4e-06 6.0 -0.0
v -2.2521671999999997 1.5048479999999997 -2.0042243999999996
v -2.5020432 1.0363775999999996 -2.0042243999999996
v 1.1482668 5.772736799999999 -1.7264472
v 2.2520219999999997 5.4368652 -1.7264472
v -2.1481055999999996 -0.4272876000000004 -2.0042243999999996
v -2.0231232 -0.8380080000000004 -2.0042243999999996
v 1.1179944 5.620543199999999 -1.7264472
v 2.1926495999999998 5.2935264 -1.7264472
v -2.5217327999999997 -0.5016072000000001 -2.0042243999999996
v -2.3750123999999997 -0.9837648000000004 -2.0042243999999996
v -1.6400868 -2.45457 -1.8564756
v -1.1295156 -2.7269039999999998 -1.8564756
v -1.71243 -2.5628412000000007 -1.8564756
v -1.1793384 -2.847186 -1.8564756
v -1.1707451999999998 5.885721599999999 -0.0
v -2.2961028 5.5432752 -0.0
v -2.1378228 1.4284451999999999 -2.0042243999999996
v -2.3750136 0.9837599999999997 -2.0042243999999996
v -1.1482704 5.7727356 -1.7264472
v -2.4e-06 5.8848204 -1.7264472
v -2.6566104 -0.5284356 -2.0042243999999996
v -2.502042 -1.0363824000000001 -2.0042243999999996
v 3.1837823999999997 4.7648664 -1.7264472
v 4.0514904 4.0514892 -1.7264472
v -3.0230736 -0.6013296000000004 -2.0042243999999996
v -2.8471836 -1.1793456000000002 -2.0042243999999996
v -1.8517283999999998 -2.771316 -1.8564756
v -1.2752724 -3.0787919999999995 -1.8564756
v -1.9200144 -2.8735128 -1.8564756
v -1.3223004 -3.1923276000000005 -1.8564756
v -3.333996 4.9896731999999995 -0.0
v -4.2426432 4.2426384 -0.0
v -1.9414943999999998 1.2972635999999997 -2.0042243999999996
v -2.1569028 0.8934155999999996 -2.0042243999999996
v -3.2699952 4.893888 -1.7264472
v -2.2520255999999996 5.436863999999999 -1.7264472
v -3.2689871999999998 -0.6502452 -2.0042243999999996
v -3.0787883999999996 -1.2752796000000002 -2.0042243999999996
v 4.7648664 3.1837812 -1.7264472
v 5.2935276 2.1926495999999998 -1.7264472
v -3.6426132 -0.7245648000000002 -2.0042243999999996
v -3.4306764 -1.4210376000000002 -2.0042243999999996
v -2.0633711999999997 -3.0880620000000003 -1.8564756
v -1.421028 -3.4306812 -1.8564756
v -4.989676800000001 3.3339899999999996 -0.0
v -5.5432787999999995 2.2960955999999997 -0.0
v -1.8210767999999997 1.2168023999999997 -2.0042243999999996
v -2.0231255999999997 0.8380031999999998 -2.0042243999999996
v -4.8938928 3.2699891999999995 -1.7264472
v -4.1611991999999995 4.1611932 -1.7264472
v -2.1481068 0.4272827999999997 -2.0042243999999996
v -2.189814 -2.400000000335467e-06 -2.0042243999999996
v 5.620543199999999 1.1179943999999997 -1.7264472
v 5.7296724 -0.0 -1.7264472
v -2.521734 0.5016011999999997 -2.0042243999999996
v -2.5706952 -2.400000000335467e-06 -2.0042243999999996
v -5.885724 1.1707379999999998 -0.0
v -6.0 -6.00000000030576e-06 -0.0
v 3.6426144000000003 0.7245599999999995 -2.0042243999999996
v 3.4306788 1.4210327999999997 -2.0042243999999996
v -5.772738 1.1482632 -1.7264472
v -5.4368676 2.2520183999999994 -1.7264472
v -2.6566115999999997 0.5284307999999999 -2.0042243999999996
v -2.7081912000000004 -2.400000000335467e-06 -2.0042243999999996
v 5.620543199999999 -1.1179956000000004 -1.7264472
v 5.2935264 -2.1926508000000005 -1.7264484
v -3.0230748000000003 0.6013235999999995 -2.0042243999999996
v -3.0817691999999997 -3.6000000005032005e-06 -2.0042243999999996
v -5.885721599999999 -1.1707500000000004 -1.2000000000345068e-06
v -5.543273999999999 -2.2961064 -1.2000000000345068e-06
v 3.3895367999999997 0.6742199999999997 -2.0042243999999996
v 3.1923251999999995 1.3223039999999997 -2.0042243999999996
v -5.7727356 -1.1482752000000005 -1.7264472
v -5.8848204 -6.00000000030576e-06 -1.7264472
v -3.2689884 0.6502391999999997 -2.0042243999999996
v -3.3324588 -3.6000000005032005e-06 -2.0042243999999996
v 4.7648664 -3.1837823999999997 -1.7264484
v 4.0514904 -4.0514904 -1.7264484
v -3.6426144000000003 0.7245575999999998 -2.0042243999999996
v -3.71334 -3.6000000005032005e-06 -2.0042243999999996
v -0.7245588 -3.6426156 -1.8564756
v -0.0 -3.7133400000000005 -1.8564756
v -4.9896708 -3.3339996000000003 -1.2000000000345068e-06
v -4.242634799999999 -4.2426456 -1.2000000000345068e-06
v 3.2689871999999998 0.6502416 -2.0042243999999996
v 3.0787896 1.2752759999999996 -2.0042243999999996
v -4.8938856 -3.2699987999999998 -1.7264484
v -5.4368628 -2.2520292000000004 -1.7264484
v -0.46864680000000003 2.135556 -1.8564756
v -0.46864680000000003 2.135556 -1.8564756
v -0.8380068 2.0231231999999997 -1.8564756
v 2.1481068 0.42728399999999983 -2.0042243999999996
v 2.0231244 0.8380043999999996 -2.0042243999999996
v 3.1837823999999997 -4.7648664 -1.7264484
v 2.1926508 -5.2935264 -1.7264484
v 2.5217327999999997 0.5016035999999996 -2.0042243999999996
v 2.3750123999999997 0.9837623999999996 -2.0042243999999996
v -0.62256 2.2387199999999994 -1.8564756
v -0.62256 2.2387199999999994 -1.8564756
v -0.8934192 2.1569003999999996 -1.8564756
v -3.3339876 -4.989679199999999 -1.2000000000345068e-06
v -2.296092 -5.5432812 -1.2000000000345068e-06
v -2.1481055999999996 -0.4272876000000004 -1.8564756
v -2.0231232 -0.8380080000000004 -1.8564756
v -3.2699856 -4.8938952 -1.7264484
v -4.1611908 -4.1612016 -1.7264484
v -0.7780812 2.4372599999999993 -1.8564756
v -0.7780812 2.4372599999999993 -1.8564756
v -0.9837635999999998 2.3750112 -1.8564756
v 2.6566104 0.5284319999999996 -2.0042243999999996
v 2.5020432 1.0363799999999996 -2.0042243999999996
v 1.1179956 -5.620544400000001 -1.7264484
v -0.0 -5.7296724 -1.7264484
v 3.0230736 0.6013259999999999 -2.0042243999999996
v 2.8471836 1.1793419999999997 -2.0042243999999996
v -0.8566104 2.5569587999999994 -1.8564756
v -0.8566104 2.5569587999999994 -1.8564756
v -1.0363812 2.5020419999999994 -1.8564756
v -1.1707392 -5.8857252 -1.2000000000345068e-06
v -0.0 -6.0 -1.2000000000345068e-06
v -1.1482644 -5.772739199999999 -1.7264484
v -2.252016 -5.436868800000001 -1.7264484
v 1.8210767999999997 -1.2168048000000005 -2.0042243999999996
v 2.0231244 -0.8380056000000001 -2.0042243999999996
v -1.088988 -5.474731200000001 -2.0042256
v -2.1357587999999996 -5.156199599999999 -2.0042256
v -2.0633772 3.0880571999999997 -2.0042243999999996
v -2.6257284 2.625726 -2.0042243999999996
v -3.101178 -4.641255600000001 -2.0042256
v -3.9463764 -3.9463871999999998 -2.0042256
v -1.9200203999999998 2.8735091999999995 -2.0042243999999996
v -2.4433019999999996 2.4432983999999998 -2.0042243999999996
v -4.6412472 -3.1011912 -2.0042256
v -5.156193599999999 -2.135772 -2.0042256
v -1.8517344 2.7713124 -2.0042243999999996
v -2.3564051999999998 2.3564027999999997 -2.0042243999999996
v -5.4747288 -1.0889976000000003 -2.0042243999999996
v -5.5810272 -6.00000000030576e-06 -2.0042243999999996
v -1.7124348 2.5628363999999997 -2.0042243999999996
v -2.1791412 2.1791387999999996 -2.0042243999999996
v -5.474729999999999 1.0889867999999996 -2.0042243999999996
v -5.1561984 2.1357623999999995 -2.0042243999999996
v -1.6400916 2.4545663999999996 -2.0042243999999996
v -2.0870808 2.0870784 -2.0042243999999996
v -4.6412531999999995 3.1011815999999994 -2.0042243999999996
v -3.9463836 3.9463787999999997 -2.0042243999999996
v -1.5048504 2.2521647999999996 -2.0042243999999996
v -1.9149816 1.9149791999999999 -2.0042243999999996
v -3.1011876 4.641248399999999 -2.0042243999999996
v -2.1357684 5.1561948 -2.0042243999999996
v -1.4284488 2.1378215999999997 -2.0042243999999996
v -1.8177576 1.8177551999999997 -2.0042243999999996
v -1.088994 5.474727599999999 -2.0042243999999996
v -2.4e-06 5.581026 -2.0042243999999996
v -1.297266 1.9414931999999998 -2.0042243999999996
v -1.650822 1.6508195999999997 -2.0042243999999996
v 1.0889904 5.474728799999999 -2.0042243999999996
v 2.1357648 5.156196 -2.0042243999999996
v -1.2168047999999998 1.8210755999999997 -2.0042243999999996
v -1.5484332 1.5484307999999998 -2.0042243999999996
v 3.101184 4.641250799999999 -2.0042243999999996
v 3.9463812000000003 3.9463811999999994 -2.0042243999999996
v 3.6426144000000003 -0.7245612000000002 -2.0042243999999996
v 3.71334 -0.0 -2.0042243999999996
v 4.6412508 3.101184 -2.0042243999999996
v 5.156196 2.1357648 -2.0042243999999996
v 3.3895367999999997 -0.6742212000000004 -2.0042243999999996
v 3.4553483999999997 -0.0 -2.0042243999999996
v 5.4747288 1.0889903999999997 -2.0042243999999996
v 5.5810272 -0.0 -2.0042243999999996
v 3.2689871999999998 -0.6502428000000001 -2.0042243999999996
v 3.3324588 -0.0 -2.0042243999999996
v 5.4747288 -1.0889916000000002 -2.0042243999999996
v 5.156196 -2.135766 -2.0042256
v 3.0230736 -0.6013272000000001 -2.0042243999999996
v 3.0817691999999997 -0.0 -2.0042243999999996
v 4.6412508 -3.1011852000000006 -2.0042256
v 3.9463812000000003 -3.9463812000000003 -2.0042256
v 2.8953599999999997 -0.5759232000000004 -2.0042243999999996
v 2.9515764 -0.0 -2.0042243999999996
v 3.1011852 -4.6412508 -2.0042256
v 2.135766 -5.156196 -2.0042256
v 2.6566104 -0.5284332000000003 -2.0042243999999996
v 2.7081912000000004 -0.0 -2.0042243999999996
v 1.0889916 -5.4747288 -2.0042256
v -0.0 -5.581027200000001 -2.0042256
v -0.9102756 2.7942167999999996 -1.8564756
v -0.9102756 2.7942167999999996 -1.8564756
v -1.1295203999999999 2.7269004 -1.8564756
v -0.9361488 2.920524 -1.8564756
v -0.9361488 2.920524 -1.8564756
v -1.1793432 2.8471824 -1.8564756
v -0.8835647999999999 3.198522 -1.8564756
v -0.8835647999999999 3.198522 -1.8564756
v -1.2752784 3.0787883999999996 -1.8564756
v -0.8258004 3.3439379999999996 -1.8564756
v -0.8258004 3.3439379999999996 -1.8564756
v -1.3223064 3.1923239999999997 -1.8564756
v -0.7214616 3.6418763999999997 -1.8564756
v -1.4210352 3.4306764 -1.8564756
v 1.2168047999999998 -1.8210768000000006 -1.8564756
v 1.5484319999999998 -1.5484320000000003 -1.8564756
v 1.2972648 -1.9414943999999998 -1.8564756
v 1.6508207999999998 -1.6508208000000002 -1.8564756
v 1.4284476 -2.1378228 -1.8564756
v 1.8177564 -1.8177564000000002 -1.8564756
v 1.5048492 -2.2521660000000003 -1.8564756
v 1.9149804 -1.9149803999999997 -1.8564756
v 1.6400903999999998 -2.4545676 -1.8564756
v 2.0870796 -2.0870796 -1.8564756
v 1.7124336 -2.5628388 -1.8564756
v 2.17914 -2.1791400000000003 -1.8564756
v 0.7471152 -3.7560000000000002 -1.8564756
v -0.0 -3.8289264000000003 -1.8564756
v 1.9414932 -1.2972648000000004 -1.8564756
v 2.1569016 -0.8934180000000003 -1.8564756
v 2.1276024 -3.1841832000000005 -1.8564756
v 1.4652671999999998 -3.5374668000000002 -1.8564756
v 2.1378215999999997 -1.4284476000000002 -1.8564756
v 2.3750123999999997 -0.9837624000000001 -1.8564756
v 3.1841832 -2.1276024000000002 -1.8564756
v 2.7074592 -2.7074604 -1.8564756
v -0.6742188 -3.389538 -2.0042256
v -0.0 -3.4553483999999997 -2.0042256
v -0.7471127999999999 -3.7560012000000005 -2.0042256
v -1.4652612 -3.5374692 -2.0042256
v -0.6502391999999999 -3.2689884000000005 -2.0042256
v -0.0 -3.3324588000000004 -2.0042256
v -2.1275988 -3.1841855999999997 -2.0042256
v -2.7074556 -2.7074640000000003 -2.0042256
v -0.6013248 -3.0230748000000007 -2.0042256
v -0.0 -3.0817704000000004 -2.0042256
v -3.1841795999999998 -2.1276072 -2.0042256
v -3.5374644 -1.4652708000000003 -2.0042243999999996
v -0.5759208 -2.8953612000000004 -2.0042256
v -0.0 -2.9515776 -2.0042256
v -3.7559988 -0.7471188000000001 -2.0042243999999996
v -3.8289264 -3.6000000005032005e-06 -2.0042243999999996
v -0.5284308 -2.6566128000000004 -2.0042256
v -0.0 -2.7081923999999997 -2.0042256
v -3.756 0.7471115999999997 -2.0042243999999996
v -3.537468 1.4652635999999997 -2.0042243999999996
v -0.5016024 -2.5217340000000004 -2.0042256
v -0.0 -2.5706952000000007 -2.0042256
v -3.1841844 2.1275999999999997 -2.0042243999999996
v -2.7074604 2.7074579999999995 -2.0042243999999996
v -0.45553679999999996 -2.2901483999999996 -2.0042256
v -0.0 -2.3346144000000004 -2.0042256
v -2.1276048 3.1841807999999996 -2.0042243999999996
v -1.4652684 3.5374655999999995 -2.0042243999999996
v -0.427284 -2.1481068000000003 -2.0042256
v -0.0 -2.189814 -2.0042256
v 3.0880596000000002 -2.0633748 -2.0042256
v 3.4306775999999997 -1.4210340000000004 -2.0042243999999996
v 0.7468980000000001 3.7562016 -2.0042243999999996
v 1.465266 3.5374655999999995 -2.0042243999999996
v 2.8735104 -1.9200180000000004 -2.0042256
v 3.1923251999999995 -1.3223040000000001 -2.0042243999999996
v 2.1276024 3.184182 -2.0042243999999996
v 2.7074592 2.7074591999999997 -2.0042243999999996
v 2.7713136 -1.8517332 -2.0042256
v 3.0787896 -1.2752772000000003 -2.0042243999999996
v 3.1841832 2.1276024 -2.0042243999999996
v 3.5374668 1.4652659999999997 -2.0042243999999996
v 2.5628376 -1.7124336000000004 -2.0042256
v 2.8471836 -1.1793420000000003 -2.0042243999999996
v 3.756 0.747114 -2.0042243999999996
v 3.8289264 -0.0 -2.0042243999999996
v 2.4545676 -1.6400903999999998 -2.0042256
v 2.7269004 -1.1295204000000003 -2.0042243999999996
v 3.756 -0.7471152000000002 -2.0042243999999996
v 3.5374655999999995 -1.4652672000000004 -2.0042243999999996
v 2.252166 -1.5048492000000004 -2.0042243999999996
v 2.5020432 -1.0363800000000003 -2.0042243999999996
v 3.1841832 -2.1276024000000002 -2.0042256
v 2.7074592 -2.7074604 -2.0042256
v 2.1378215999999997 -1.4284476000000002 -2.0042243999999996
v 2.3750123999999997 -0.9837624000000001 -2.0042243999999996
v 2.1276024 -3.1841832000000005 -2.0042256
v 1.4652671999999998 -3.5374668000000002 -2.0042256
v 1.9414932 -1.2972648000000004 -2.0042243999999996
v 2.1569016 -0.8934180000000003 -2.0042243999999996
v 0.7471152 -3.7560000000000002 -2.0042256
v -0.0 -3.8289264000000003 -2.0042256
v 2.252166 -1.5048492000000004 -1.8564756
v 2.5020432 -1.0363800000000003 -1.8564756
v 3.756 -0.7471152000000002 -1.8564756
v 3.5374655999999995 -1.4652672000000004 -1.8564756
v 2.4545676 -1.6400903999999998 -1.8564756
v 2.7269004 -1.1295204000000003 -1.8564756
v 3.756 0.747114 -1.8564756
v 3.8289264 -0.0 -1.8564756
v 2.5628376 -1.7124336000000004 -1.8564756
v 2.8471836 -1.1793420000000003 -1.8564756
v 3.1841832 2.1276024 -1.8564756
v 3.5374668 1.4652659999999997 -1.8564756
v 2.7713136 -1.8517332 -1.8564756
v 3.0787896 -1.2752772000000003 -1.8564756
v 2.1276024 3.184182 -1.8564756
v 2.7074592 2.7074591999999997 -1.8564756
v 2.8735104 -1.9200180000000004 -1.8564756
v 3.1923251999999995 -1.3223040000000001 -1.8564756
v 0.7466016000000001 3.756512399999999 -1.8564756
v 1.465266 3.5374655999999995 -1.8564756
v 3.0880596000000002 -2.0633748 -1.8564756
v 3.4306775999999997 -1.4210340000000004 -1.8564756
v -0.427284 -2.1481068000000003 -1.8564756
v -0.0 -2.189814 -1.8564756
v -2.1276048 3.1841807999999996 -1.8564756
v -1.4652684 3.5374655999999995 -1.8564756
v -0.45553679999999996 -2.2901483999999996 -1.8564756
v -0.0 -2.3346144000000004 -1.8564756
v -3.1841844 2.1275999999999997 -1.8564756
v -2.7074604 2.7074579999999995 -1.8564756
v 1.7124336 -2.5628388 -2.0042256
v 2.17914 -2.1791400000000003 -2.0042256
v -0.382644 -1.9236864000000005 -2.0042256
v -0.7504535999999999 -1.8117624 -2.0042256
v 1.6400903999999998 -2.4545676 -2.0042256
v 2.0870796 -2.0870796 -2.0042256
v -1.089678 -1.6308228000000005 -2.0042243999999996
v -1.38666 -1.3866636000000003 -2.0042243999999996
v 1.5048492 -2.2521660000000003 -2.0042256
v 1.9149804 -1.9149803999999997 -2.0042256
v -1.6308204 -1.0896828000000003 -2.0042243999999996
v -1.81176 -0.7504584000000001 -2.0042243999999996
v 1.4284476 -2.1378228 -2.0042256
v 1.8177564 -1.8177564000000002 -2.0042256
v -1.9236851999999998 -0.38264640000000033 -2.0042243999999996
v -1.9610352 -2.400000000335467e-06 -2.0042243999999996
v 1.2972648 -1.9414943999999998 -2.0042256
v 1.6508207999999998 -1.6508208000000002 -2.0042256
v -1.9236851999999998 0.3826427999999998 -2.0042243999999996
v -1.8117611999999998 0.7504535999999999 -2.0042243999999996
v 1.2168047999999998 -1.8210768000000006 -2.0042256
v 1.5484319999999998 -1.5484320000000003 -2.0042243999999996
v -1.6308228 1.0896791999999997 -2.0042243999999996
v -1.3866623999999999 1.3866611999999996 -2.0042243999999996
v -1.0896816 1.6308215999999998 -2.0042243999999996
v -0.7504571999999999 1.8117599999999996 -2.0042243999999996
v -0.8258004 3.3439379999999996 -2.0042243999999996
v -1.3223064 3.1923239999999997 -2.0042243999999996
v -0.3826332 1.9233155999999996 -2.0042243999999996
v -1.2e-06 1.9610351999999995 -2.0042243999999996
v -0.8835647999999999 3.1985208 -2.0042243999999996
v -0.8835647999999999 3.1985208 -2.0042243999999996
v -1.2752784 3.0787883999999996 -2.0042243999999996
v 0.3846768 1.9228787999999994 -2.0042243999999996
v 0.750456 1.8117611999999996 -2.0042243999999996
v -0.9361488 2.920524 -2.0042243999999996
v -0.9361488 2.920524 -2.0042243999999996
v -1.1793432 2.8471824 -2.0042243999999996
v 1.0896804 1.6308215999999998 -2.0042243999999996
v 1.3866612 1.3866611999999996 -2.0042243999999996
v -0.9102756 2.7942167999999996 -2.0042243999999996
v -0.9102756 2.7942167999999996 -2.0042243999999996
v -1.1295203999999999 2.7269004 -2.0042243999999996
v 1.6308216 1.0896803999999995 -2.0042243999999996
v 1.8117611999999998 0.7504547999999996 -2.0042243999999996
v -0.8566104 2.5569587999999994 -2.0042243999999996
v -0.8566104 2.5569587999999994 -2.0042243999999996
v -1.0363812 2.5020419999999994 -2.0042243999999996
v 1.9236851999999998 0.382644 -2.0042243999999996
v 1.9610352 -0.0 -2.0042243999999996
v -0.7780812 2.4372599999999993 -2.0042243999999996
v -0.7780812 2.4372599999999993 -2.0042243999999996
v -0.9837635999999998 2.3750112 -2.0042243999999996
v 1.9236851999999998 -0.38264520000000013 -2.0042243999999996
v 1.8117611999999998 -0.7504560000000003 -2.0042243999999996
v -0.62256 2.2387199999999994 -2.0042243999999996
v -0.62256 2.2387199999999994 -2.0042243999999996
v -0.8934192 2.1569003999999996 -2.0042243999999996
v 1.6308216 -1.0896804000000004 -2.0042243999999996
v 1.3866612 -1.3866612 -2.0042243999999996
v -0.46864680000000003 2.135556 -2.0042243999999996
v -0.46864680000000003 2.135556 -2.0042243999999996
v -0.8380068 2.0231231999999997 -2.0042243999999996
v 1.0896804 -1.6308216000000002 -2.0042243999999996
v 0.750456 -1.8117611999999998 -2.0042256
v -0.7245588 -3.6426156 -2.0042256
v -0.0 -3.7133400000000005 -2.0042256
v 0.3826452 -1.9236852000000004 -2.0042256
v -0.0 -1.9610352000000006 -2.0042256
v -0.5016024 -2.5217340000000004 -1.8564756
v -0.0 -2.5706952000000007 -1.8564756
v -3.756 0.7471115999999997 -1.8564756
v -3.537468 1.4652635999999997 -1.8564756
v -0.5284308 -2.6566128000000004 -1.8564756
v -0.0 -2.7081923999999997 -1.8564756
v -3.7559988 -0.7471188000000001 -1.8564756
v -3.8289264 -3.6000000005032005e-06 -1.8564756
v -0.5759208 -2.8953612000000004 -1.8564756
v -0.0 -2.9515776 -1.8564756
v -3.1841795999999998 -2.1276072 -1.8564756
v -3.5374644 -1.4652708000000003 -1.8564756
v -0.6013248 -3.0230748000000007 -1.8564756
v -0.0 -3.0817704000000004 -1.8564756
v -2.1275988 -3.1841855999999997 -1.8564756
v -2.7074556 -2.7074640000000003 -1.8564756
v -0.6502391999999999 -3.2689884000000005 -1.8564756
v -0.0 -3.3324588000000004 -1.8564756
v -0.7471127999999999 -3.7560012000000005 -1.8564756
v -1.4652612 -3.5374692 -1.8564756
v -0.6742188 -3.389538 -1.8564756
v -0.0 -3.4553483999999997 -1.8564756
v 2.6566104 -0.5284332000000003 -1.8564756
v 2.7081912000000004 -0.0 -1.8564756
v 2.8953599999999997 -0.5759232000000004 -1.8564756
v 2.9515764 -0.0 -1.8564756
v 3.0230736 -0.6013272000000001 -1.8564756
v 3.0817691999999997 -0.0 -1.8564756
v 3.2689871999999998 -0.6502428000000001 -1.8564756
v 3.3324588 -0.0 -1.8564756
v 3.3895367999999997 -0.6742212000000004 -1.8564756
v 3.4553483999999997 -0.0 -1.8564756
v -2.0633711999999997 -3.0880620000000003 -2.0042256
v -1.421028 -3.4306812 -2.0042256
v -1.9200144 -2.8735128 -2.0042256
v -1.3223004 -3.1923276000000005 -2.0042256
v -1.8517283999999998 -2.771316 -2.0042256
v -1.2752724 -3.0787919999999995 -2.0042256
v -1.71243 -2.5628412000000007 -2.0042256
v -1.1793384 -2.847186 -2.0042256
v -1.6400868 -2.45457 -2.0042256
v -1.1295156 -2.7269039999999998 -2.0042256
v -1.5048456 -2.2521684 -2.0042256
v -1.0363764 -2.5020444000000004 -2.0042256
v -1.4284439999999998 -2.1378239999999997 -2.0042256
v -0.9837588 -2.3750147999999998 -2.0042256
v -1.2972624 -1.9414956 -2.0042256
v -0.8934143999999999 -2.1569028 -2.0042256
v -1.2168024 -1.8210779999999998 -2.0042256
v -0.8380032 -2.0231256000000006 -2.0042256
v 2.0633748 -3.0880596000000002 -2.0042256
v 2.6257271999999996 -2.6257271999999996 -2.0042256
v 1.9200179999999998 -2.8735104 -2.0042256
v 2.4432996 -2.4432996 -2.0042256
v 1.851732 -2.7713136 -2.0042256
v 2.356404 -2.356404 -2.0042256
v 3.6426144000000003 -0.7245612000000002 -1.8564756
v 3.71334 -0.0 -1.8564756
v -1.2168047999999998 1.8210755999999997 -1.8564756
v -1.5484332 1.5484307999999998 -1.8564756
v -1.297266 1.9414931999999998 -1.8564756
v -1.650822 1.6508195999999997 -1.8564756
v -1.4284488 2.1378215999999997 -1.8564756
v -1.8177576 1.8177551999999997 -1.8564756
v -1.5048504 2.2521647999999996 -1.8564756
v -1.9149816 1.9149791999999999 -1.8564756
v -1.6400916 2.4545663999999996 -1.8564756
v -2.0870808 2.0870784 -1.8564756
v -1.7124348 2.5628363999999997 -1.8564756
v -2.1791412 2.1791387999999996 -1.8564756
v -1.8517344 2.7713124 -1.8564756
v -2.3564051999999998 2.3564027999999997 -1.8564756
v -1.9200203999999998 2.8735091999999995 -1.8564756
v -2.4433019999999996 2.4432983999999998 -1.8564756
v -2.0633772 3.0880571999999997 -1.8564756
v -2.6257284 2.625726 -1.8564756
v 1.8210767999999997 -1.2168048000000005 -1.8564756
v 2.0231244 -0.8380056000000001 -1.8564756
v 3.0230736 0.6013259999999999 -1.8564756
v 2.8471836 1.1793419999999997 -1.8564756
v 2.6566104 0.5284319999999996 -1.8564756
v 2.5020432 1.0363799999999996 -1.8564756
v 2.5217327999999997 0.5016035999999996 -1.8564756
v 2.3750123999999997 0.9837623999999996 -1.8564756
v 2.1481068 0.42728399999999983 -1.8564756
v 2.0231244 0.8380043999999996 -1.8564756
v 3.2689871999999998 0.6502416 -1.8564756
v 3.0787896 1.2752759999999996 -1.8564756
v -0.3719556 -1.8699516000000003 -2.0230884
v -0.7294908 -1.7611535999999999 -2.0230884
v -1.05924 -1.5852696000000004 -2.0230884
v -1.3479264 -1.34793 -2.0230884
v -1.585266 -1.0592436000000003 -2.0230884
v -1.7611512 -0.7294956000000005 -2.0230884
v -1.8699504 -0.37195800000000007 -2.0230884
v -1.9062576 -2.400000000335467e-06 -2.0230884
v -1.8699515999999998 0.3719543999999995 -2.0230884
v -1.7611535999999999 0.7294919999999999 -2.0230884
v -1.5852684 1.0592399999999997 -2.0230884
v -1.3479288 1.3479263999999997 -2.0230884
v -1.0592424 1.5852671999999997 -2.0230884
v -0.7294944 1.7611523999999996 -2.0230884
v -0.369732 1.8711035999999996 -2.0230884
v -1.2e-06 1.9062575999999998 -2.0230884
v -1.8210756 -1.216806 -2.0042243999999996
v -1.5484295999999997 -1.5484343999999999 -2.0042243999999996
v 0.3724416 1.8705335999999997 -2.0230884
v 0.7294932 1.7611523999999996 -2.0230884
v 0.6742212 -3.3895367999999997 -2.0042256
v 1.322304 -3.1923252000000004 -2.0042256
v 1.0592412 1.5852671999999997 -2.0230884
v 1.3479276 1.3479275999999996 -2.0230884
v 0.6013272000000001 -3.0230748000000007 -2.0042256
v 1.179342 -2.8471848000000004 -2.0042256
v 1.5852671999999999 1.0592411999999995 -2.0230884
v 1.7611524 0.7294919999999999 -2.0230884
v 0.5284331999999999 -2.6566116 -2.0042256
v 1.03638 -2.5020432 -2.0042256
v 1.8699504 0.3719555999999997 -2.0230884
v 1.9062576 -0.0 -2.0230884
v 0.4555392 -2.2901483999999996 -2.0042256
v 0.893418 -2.1569016 -2.0042256
v 1.8699504 -0.3719568000000004 -2.0230884
v 1.7611524 -0.7294932000000001 -2.0230884
v 1.5852671999999999 -1.0592424 -2.0230884
v 1.3479276 -1.3479276000000002 -2.0230884
v 1.0592424 -1.5852684000000001 -2.0230884
v 0.7294932 -1.7611523999999996 -2.0230884
v 0.37195680000000003 -1.8699504000000002 -2.0230884
v -0.0 -1.9062575999999998 -2.0230884
v -3.6426144000000003 0.7245575999999998 -1.8564756
v -3.71334 -3.6000000005032005e-06 -1.8564756
v -3.2689884 0.6502391999999997 -1.8564756
v -3.3324588 -3.6000000005032005e-06 -1.8564756
v 3.3895367999999997 0.6742199999999997 -1.8564756
v 3.1923251999999995 1.3223039999999997 -1.8564756
v -3.0230748000000003 0.6013235999999995 -1.8564756
v -3.0817691999999997 -3.6000000005032005e-06 -1.8564756
v -2.6566115999999997 0.5284307999999999 -1.8564756
v -2.7081912000000004 -2.400000000335467e-06 -1.8564756
v 3.6426144000000003 0.7245599999999995 -1.8564756
v 3.4306788 1.4210327999999997 -1.8564756
v -2.521734 0.5016011999999997 -1.8564756
v -2.5706952 -2.400000000335467e-06 -1.8564756
v -2.1481068 0.4272827999999997 -1.8564756
v -2.189814 -2.400000000335467e-06 -1.8564756
v -1.8210767999999997 1.2168023999999997 -1.8564756
v -2.0231255999999997 0.8380031999999998 -1.8564756
v -3.6426132 -0.7245648000000002 -1.8564756
v -3.4306764 -1.4210376000000002 -1.8564756
v -3.2689871999999998 -0.6502452 -1.8564756
v -3.0787883999999996 -1.2752796000000002 -1.8564756
v -1.9414943999999998 1.2972635999999997 -1.8564756
v -2.1569028 0.8934155999999996 -1.8564756
v -3.0230736 -0.6013296000000004 -1.8564756
v -2.8471836 -1.1793456000000002 -1.8564756
v -2.6566104 -0.5284356 -1.8564756
v -2.502042 -1.0363824000000001 -1.8564756
v -2.1378228 1.4284451999999999 -1.8564756
v -2.3750136 0.9837599999999997 -1.8564756
v -2.5217327999999997 -0.5016072000000001 -1.8564756
v -2.3750123999999997 -0.9837648000000004 -1.8564756
v -2.1378204 -1.4284500000000004 -2.0042243999999996
v -1.8177539999999999 -1.8177588000000005 -2.0042256
v -2.2521647999999996 -1.5048516000000003 -2.0042243999999996
v -1.9149779999999998 -1.9149828 -2.0042256
v -2.4545664 -1.6400928000000001 -2.0042256
v -2.0870772 -2.0870832000000004 -2.0042256
v -2.5628363999999997 -1.7124371999999999 -2.0042256
v -2.1791376 -2.1791435999999997 -2.0042256
v -2.7713112 -1.8517356000000005 -2.0042256
v -2.3564004 -2.3564064000000005 -2.0042256
v -2.8735079999999997 -1.9200215999999999 -2.0042256
v -2.4432971999999995 -2.4433032000000003 -2.0042256
v -3.0880571999999997 -2.0633795999999998 -2.0042256
v -2.6257235999999997 -2.6257308000000004 -2.0042256
v 1.2168047999999998 1.8210767999999995 -2.0042243999999996
v 0.8380056 2.0231243999999995 -2.0042243999999996
v 1.2972648 1.9414931999999998 -2.0042243999999996
v 0.893418 2.1569016 -2.0042243999999996
v 1.4284464 2.1378215999999997 -2.0042243999999996
v 0.9837624 2.3750123999999997 -2.0042243999999996
v 1.5048492 2.252166 -2.0042243999999996
v 1.03638 2.5020431999999997 -2.0042243999999996
v 1.6400892 2.4545676 -2.0042243999999996
v 1.1295192 2.7269015999999993 -2.0042243999999996
v 1.7124336 2.5628375999999995 -2.0042243999999996
v 1.179342 2.8471835999999997 -2.0042243999999996
v 1.851732 2.7713135999999996 -2.0042243999999996
v 1.2752759999999999 3.0787896 -2.0042243999999996
v 1.9200179999999998 2.8735104 -2.0042243999999996
v 1.322304 3.1923251999999995 -2.0042243999999996
v 2.0633748 3.0880596 -2.0042243999999996
v 1.4210327999999999 3.4306775999999997 -2.0042243999999996
v 3.0880596000000002 2.0633747999999996 -1.8564756
v 2.6257271999999996 2.6257271999999996 -1.8564756
v 2.5628376 1.7124335999999996 -1.8564756
v 2.17914 2.17914 -1.8564756
v 2.1378228 1.4284463999999997 -1.8564756
v 1.8177564 1.8177563999999995 -1.8564756
v -2.8735116 1.9200155999999995 -1.8564756
v -3.1923264 1.3223015999999996 -1.8564756
v 2.2901484 -0.4555392000000005 -1.8564756
v 2.3346131999999997 -0.0 -1.8564756
v 1.9414932 1.2972647999999996 -2.0042243999999996
v 1.6508207999999998 1.6508207999999995 -2.0042243999999996
v 2.4545676 1.6400891999999996 -2.0042243999999996
v 2.0870796 2.0870795999999996 -2.0042243999999996
v 2.8735104 1.9200179999999996 -2.0042243999999996
v 2.4432996 2.4432995999999996 -2.0042243999999996
v -2.2901484 -0.45554160000000027 -2.0042243999999996
v -2.1569016 -0.8934204000000001 -2.0042243999999996
v -2.8953599999999997 -0.5759256000000003 -2.0042243999999996
v -2.7269004 -1.1295228000000002 -2.0042243999999996
v -3.3895367999999997 -0.6742248000000003 -2.0042243999999996
v -3.192324 -1.3223076000000002 -2.0042243999999996
v -2.2901484 0.4555367999999996 -2.0042243999999996
v -2.3346131999999997 -2.400000000335467e-06 -2.0042243999999996
v -2.8953612 0.5759207999999996 -2.0042243999999996
v -2.9515764 -3.6000000005032005e-06 -2.0042243999999996
v -3.3895367999999997 0.6742175999999999 -2.0042243999999996
v -3.4553483999999997 -3.6000000005032005e-06 -2.0042243999999996
v 2.2901484 0.4555379999999998 -2.0042243999999996
v 2.1569016 0.8934179999999997 -2.0042243999999996
v 2.8953599999999997 0.5759219999999997 -2.0042243999999996
v 2.7269016 1.1295191999999996 -2.0042243999999996
v 0.42728520000000003 -2.1481056000000005 -2.0042256
v 0.8380056 -2.0231244000000004 -2.0042256
v 0.5016036 -2.5217340000000004 -2.0042256
v 0.9837624 -2.3750124000000006 -2.0042256
v 0.5759232 -2.8953612000000004 -2.0042256
v 1.1295192 -2.7269016000000006 -2.0042256
v 0.6502416 -3.2689872 -2.0042256
v 1.2752759999999999 -3.0787896000000003 -2.0042256
v 0.7245612 -3.6426144000000003 -2.0042256
v 1.4210340000000001 -3.4306788000000004 -2.0042256
v -1.9414919999999998 -1.2972672000000003 -2.0042243999999996
v -1.6508184000000001 -1.6508232000000005 -2.0042256
v -2.1378204 -1.4284500000000004 -1.8564756
v -1.8177539999999999 -1.8177588000000005 -1.8564756
v -2.2521647999999996 -1.5048516000000003 -1.8564756
v -1.9149779999999998 -1.9149828 -1.8564756
v -2.4545664 -1.6400928000000001 -1.8564756
v -2.0870772 -2.0870832000000004 -1.8564756
v -2.5628363999999997 -1.7124371999999999 -1.8564756
v -2.1791376 -2.1791435999999997 -1.8564756
v -2.7713112 -1.8517356000000005 -1.8564756
v -2.3564004 -2.3564064000000005 -1.8564756
v -2.8735079999999997 -1.9200215999999999 -1.8564756
v -2.4432971999999995 -2.4433032000000003 -1.8564756
v -3.0880571999999997 -2.0633795999999998 -1.8564756
v -2.6257235999999997 -2.6257308000000004 -1.8564756
v 1.2168047999999998 1.8210767999999995 -1.8564756
v 0.8380056 2.0231243999999995 -1.8564756
v 1.2972648 1.9414931999999998 -1.8564756
v 0.893418 2.1569016 -1.8564756
v 1.4284464 2.1378215999999997 -1.8564756
v 0.9837624 2.3750123999999997 -1.8564756
v 1.5048492 2.252166 -1.8564756
v 1.03638 2.5020431999999997 -1.8564756
v 1.6400892 2.4545676 -1.8564756
v 1.1295192 2.7269015999999993 -1.8564756
v 1.7124336 2.5628375999999995 -1.8564756
v 1.179342 2.8471835999999997 -1.8564756
v 1.851732 2.7713135999999996 -1.8564756
v 1.2752759999999999 3.0787896 -1.8564756
v 1.9200179999999998 2.8735104 -1.8564756
v 1.322304 3.1923251999999995 -1.8564756
v 2.0633748 3.0880596 -1.8564756
v 1.4210327999999999 3.4306775999999997 -1.8564756
v 1.9414932 1.2972647999999996 -1.8564756
v 1.6508207999999998 1.6508207999999995 -1.8564756
v 2.4545676 1.6400891999999996 -1.8564756
v 2.0870796 2.0870795999999996 -1.8564756
v 2.8735104 1.9200179999999996 -1.8564756
v 2.4432996 2.4432995999999996 -1.8564756
v -2.2901484 -0.45554160000000027 -1.8564756
v -2.1569016 -0.8934204000000001 -1.8564756
v -2.8953599999999997 -0.5759256000000003 -1.8564756
v -2.7269004 -1.1295228000000002 -1.8564756
v -3.3895367999999997 -0.6742248000000003 -1.8564756
v -3.192324 -1.3223076000000002 -1.8564756
v -2.2901484 0.4555367999999996 -1.8564756
v -2.3346131999999997 -2.400000000335467e-06 -1.8564756
v -2.8953612 0.5759207999999996 -1.8564756
v -2.9515764 -3.6000000005032005e-06 -1.8564756
v -3.3895367999999997 0.6742175999999999 -1.8564756
v -3.4553483999999997 -3.6000000005032005e-06 -1.8564756
v 2.2901484 0.4555379999999998 -1.8564756
v 2.1569016 0.8934179999999997 -1.8564756
v 2.8953599999999997 0.5759219999999997 -1.8564756
v 2.7269016 1.1295191999999996 -1.8564756
v 0.42728520000000003 -2.1481056000000005 -1.8564756
v 0.8380056 -2.0231244000000004 -1.8564756
v 0.5016036 -2.5217340000000004 -1.8564756
v 0.9837624 -2.3750124000000006 -1.8564756
v 0.5759232 -2.8953612000000004 -1.8564756
v 1.1295192 -2.7269016000000006 -1.8564756
v 0.6502416 -3.2689872 -1.8564756
v 1.2752759999999999 -3.0787896000000003 -1.8564756
v 0.7245612 -3.6426144000000003 -1.8564756
v 1.4210340000000001 -3.4306788000000004 -1.8564756
v -1.9414919999999998 -1.2972672000000003 -1.8564756
v -1.6508184000000001 -1.6508232000000005 -1.8564756
v 0.827724 3.3425532 -1.8564756
v 0.827724 3.3425532 -1.8564756
v 0.8832779999999999 3.1982459999999997 -1.8564756
v 0.8832779999999999 3.1982459999999997 -1.8564756
v 0.8832779999999999 3.1982459999999997 -2.0042243999999996
v 0.8832779999999999 3.1982459999999997 -2.0042243999999996
v 0.9371256 2.9275559999999996 -2.0042243999999996
v 0.5510916 3.6694476 -1.8564756
v 0.5577755999999999 3.6594444 -1.8564756
v 0.5577755999999999 3.6594444 -1.8564756
v 0.5577755999999999 3.6594444 -2.0042243999999996
v 0.5577755999999999 3.6594444 -2.0042243999999996
v 0.365952 3.7909595999999994 -2.0042243999999996
v 0.365952 3.7909595999999994 -2.0042243999999996
v 0.365952 3.7909595999999994 -1.8564756
v 0.365952 3.7909595999999994 -1.8564756
v 0.3586224 3.7933475999999997 -2.0042243999999996
v -0.0 3.8646815999999995 -2.0042243999999996
v -0.3586224 3.7933475999999997 -2.0042243999999996
v -0.36031919999999995 3.7923143999999995 -2.0042243999999996
v -0.36031919999999995 3.7923143999999995 -2.0042243999999996
v -0.36031919999999995 3.7923143999999995 -1.8564756
v -0.36031919999999995 3.7923143999999995 -1.8564756
v -0.5607612 3.6577512 -2.0042243999999996
v -0.5607612 3.6577512 -2.0042243999999996
v -0.5607612 3.6577512 -1.8564756
v -0.5607612 3.6577512 -1.8564756
v -0.5470248 3.6696779999999998 -1.8564756
v 0.9360755999999999 2.9213663999999997 -1.8564756
v 0.9360755999999999 2.9213663999999997 -1.8564756
v 0.9113112 2.7934691999999997 -1.8564756
v 0.9113112 2.7934691999999997 -1.8564756
v 0.9360755999999999 2.9213663999999997 -2.0042243999999996
v 0.9360755999999999 2.9213663999999997 -2.0042243999999996
v 0.9113112 2.7934691999999997 -2.0042243999999996
v 0.9113112 2.7934691999999997 -2.0042243999999996
v 0.8657916 2.5689336 -2.0042243999999996
v 0.827724 3.3425532 -2.0042243999999996
v -0.8657916 2.5689324 -2.0042243999999996
v -0.9371256 2.9275547999999993 -2.0042243999999996
v 0.8570591999999999 2.5561908 -1.8564756
v 0.8570591999999999 2.5561908 -1.8564756
v 0.8570591999999999 2.5561895999999997 -2.0042243999999996
v 0.8570591999999999 2.5561895999999997 -2.0042243999999996
v 0.7784664 2.4371327999999997 -1.8564756
v 0.7784664 2.4371327999999997 -1.8564756
v 0.7784652 2.4371327999999997 -2.0042243999999996
v 0.7784652 2.4371327999999997 -2.0042243999999996
v 0.6626484 2.2649075999999995 -2.0042243999999996
v -0.6626472 2.2649075999999995 -2.0042243999999996
v 0.6226884 2.2389767999999997 -2.0042243999999996
v 0.6226884 2.2389767999999997 -2.0042243999999996
v 0.6226884 2.2389767999999997 -1.8564756
v 0.6226884 2.2389767999999997 -1.8564756
v 0.4673004 2.1352355999999997 -1.8564756
v 0.4673004 2.1352355999999997 -1.8564756
v 0.4673004 2.1352355999999997 -2.0042243999999996
v 0.4673004 2.1352355999999997 -2.0042243999999996
v 0.3586224 2.0617643999999995 -2.0042243999999996
v -0.3586212 2.0617643999999995 -2.0042243999999996
v -0.0 1.9904303999999997 -2.0042243999999996
v 0.7242456 3.6424163999999997 -2.0042243999999996
v -0.7496195999999999 3.7553039999999993 -2.0042243999999996
v 0.7243608 3.6424752 -1.8564756
v -0.7495332 3.7552955999999993 -1.8564756
v -0.0 1.9904303999999997 -2.0382888
v -0.3586212 2.0617643999999995 -2.0382888
v -0.6626472 2.2649075999999995 -2.0382888
v -0.8657916 2.5689324 -2.0382888
v -0.9371256 2.9275547999999993 -2.0382888
v -0.8657916 3.2861784 -2.0382888
v -0.6626484 3.5902031999999995 -2.0382888
v -0.3586224 3.7933475999999997 -2.0382888
v -0.0 3.8646815999999995 -2.0382888
v 0.3586224 3.7933475999999997 -2.0382888
v 0.6626484 3.5902031999999995 -2.0382888
v 0.8657916 3.2861784 -2.0382888
v 0.9371256 2.9275559999999996 -2.0382888
v 0.8657916 2.5689336 -2.0382888
v 0.6626484 2.2649087999999997 -2.0382888
v 0.3586224 2.0617643999999995 -2.0382888
v -0.0 2.1401531999999994 -2.0382888
v -0.3013248 2.2000908 -2.0382888
v -0.5567772 2.3707776 -2.0382888
v -0.727464 2.6262299999999996 -2.0382888
v -0.7874015999999999 2.9275547999999993 -2.0382888
v -0.7274652 3.2288807999999998 -2.0382888
v -0.5567772 3.4843331999999996 -2.0382888
v -0.30132600000000004 3.6550211999999997 -2.0382888
v -0.0 3.7149588 -2.0382888
v 0.30132600000000004 3.6550211999999997 -2.0382888
v 0.5567772 3.4843331999999996 -2.0382888
v 0.7274652 3.2288819999999996 -2.0382888
v 0.7874015999999999 2.9275559999999996 -2.0382888
v 0.7274652 2.6262299999999996 -2.0382888
v 0.5567772 2.3707787999999996 -2.0382888
v 0.30132600000000004 2.2000908 -2.0382888
v -1.4210352 3.4306764 -2.0042243999999996
v -0.7216272 3.6422183999999995 -2.0042243999999996
vn 0.4853 -0.5525 -0.6777
vn 0.6599 -0.7513 -0.0011
vn 0.5487 -0.836 -0.0001
vn 0.3789 -0.9254 -0.0
vn 0.2824 -0.6899 -0.6665
vn -0.689 0.2858 -0.666
vn -0.9236 0.3832 -0.0006
vn -0.8311 0.556 -0.0005
vn -0.7069 0.7073 0.0002
vn -0.5276 0.5278 -0.6656
vn 0.0 0.7462 -0.6657
vn 0.0 1.0 -0.0
vn 0.3826 0.9239 0.0002
vn 0.2855 0.6895 -0.6656
vn 0.0 -1.0 -0.0
vn 0.0 -0.7462 -0.6657
vn -0.5556 0.8314 0.001
vn -0.3827 0.9239 0.0005
vn -0.2856 0.6895 -0.6655
vn 0.5554 0.8316 0.0005
vn 0.7067 0.7075 0.0003
vn 0.5275 0.528 -0.6655
vn -0.3735 -0.9276 -0.0011
vn -0.278 -0.6905 -0.6677
vn 0.831 0.5563 0.0002
vn 0.9238 0.3828 0.0002
vn 0.6894 0.2857 -0.6657
vn -0.5389 -0.8423 -0.0021
vn -0.6568 -0.7541 -0.0005
vn -0.484 -0.5557 -0.6759
vn 0.9809 0.1946 0.0001
vn 0.9996 -0.0267 -0.0083
vn 0.7487 -0.02 -0.6625
vn -0.7604 -0.6494 0.0012
vn -0.594 -0.3068 -0.7436
vn -0.6644 -0.3432 -0.6638
vn 0.9689 -0.2467 -0.0164
vn 0.5823 -0.1482 -0.7993
vn 0.5935 -0.3088 -0.7432
vn 0.6629 -0.3448 -0.6646
vn -0.5833 -0.1468 -0.7989
vn -0.9696 -0.2441 -0.0152
vn -0.9996 -0.0248 -0.0082
vn -0.7485 -0.0186 -0.6629
vn -0.9807 0.1956 -0.0008
vn 0.0 -0.0 -1.0
vn 0.8296 0.5543 -0.0666
vn 0.7055 0.7055 -0.0666
vn 0.5543 -0.8296 -0.0666
vn 0.7055 -0.7055 -0.0666
vn 0.8647 0.172 -0.4719
vn 0.8817 -0.0 -0.4718
vn 0.5543 0.8296 -0.0666
vn 0.3818 0.9218 -0.0666
vn -0.7331 0.4898 -0.4719
vn -0.6234 0.6234 -0.4718
vn 0.1946 0.9786 -0.0666
vn 0.0 0.9978 -0.0666
vn 0.4898 0.7331 -0.4719
vn 0.6234 0.6234 -0.4718
vn 0.4898 -0.7331 -0.4719
vn 0.3374 -0.8146 -0.4718
vn 0.8296 -0.5543 -0.0666
vn 0.9218 -0.3818 -0.0666
vn -0.8647 0.172 -0.4719
vn -0.8146 0.3374 -0.4718
vn 0.172 0.8647 -0.4719
vn 0.3374 0.8146 -0.4718
vn -0.9786 -0.1946 -0.0666
vn -0.9218 -0.3818 -0.0666
vn 0.172 -0.8647 -0.4719
vn 0.0 -0.8817 -0.4718
vn -0.8296 -0.5543 -0.0666
vn -0.7055 -0.7055 -0.0666
vn -0.7331 -0.4898 -0.4719
vn -0.8146 -0.3374 -0.4718
vn -0.5543 -0.8296 -0.0666
vn -0.3818 -0.9218 -0.0666
vn -0.4898 0.7331 -0.4719
vn -0.3374 0.8146 -0.4718
vn -0.1946 -0.9786 -0.0666
vn 0.0 -0.9978 -0.0666
vn 0.7331 0.4898 -0.4719
vn 0.8146 0.3374 -0.4718
vn 0.9786 -0.1946 -0.0666
vn 0.9978 -0.0 -0.0666
vn -0.9786 0.1946 -0.0666
vn -0.9978 -0.0 -0.0666
vn -0.4898 -0.7331 -0.4719
vn -0.6234 -0.6234 -0.4718
vn -0.1946 0.9786 -0.0666
vn -0.3818 0.9218 -0.0666
vn -0.5543 0.8296 -0.0666
vn -0.7055 0.7055 -0.0666
vn -0.8296 0.5543 -0.0666
vn -0.9218 0.3818 -0.0666
vn 0.8647 -0.172 -0.4719
vn 0.8146 -0.3374 -0.4718
vn -0.172 -0.8647 -0.4719
vn -0.3374 -0.8146 -0.4718
vn 0.7331 -0.4898 -0.4719
vn 0.6234 -0.6234 -0.4718
vn 0.9786 0.1946 -0.0666
vn 0.9218 0.3818 -0.0666
vn -0.8647 -0.172 -0.4719
vn -0.8817 -0.0 -0.4718
vn -0.172 0.8647 -0.4719
vn 0.0 0.8817 -0.4718
vn 0.0 -0.0 1.0
vn -0.8538 0.1698 -0.4921
vn -0.8043 0.3331 -0.4921
vn 0.0118 -0.0049 -0.9999
vn 0.0116 -0.0023 -0.9999
vn -0.5556 0.8314 -0.0
vn -0.3827 0.9239 -0.0
vn 0.3825 0.9239 -0.0001
vn 0.197 0.9804 -0.0002
vn 0.1971 0.9803 -0.0002
vn 0.1951 0.9808 -0.0
vn 0.3827 0.9239 -0.0
vn -0.8314 0.5556 -0.0
vn -0.9239 0.3827 -0.0
vn -0.8314 -0.5556 -0.0
vn -0.7071 -0.7071 -0.0
vn 0.9808 -0.1951 -0.0
vn 1.0 -0.0 -0.0
vn 0.7238 -0.4836 -0.4921
vn 0.6156 -0.6156 -0.4921
vn -0.009 0.009 -0.9999
vn -0.0098 0.0066 -0.9999
vn 0.8314 -0.5556 -0.0
vn 0.7071 -0.7071 -0.0
vn -0.1951 0.9808 -0.0
vn -0.0116 -0.0023 -0.9999
vn -0.0128 -0.0 -0.9999
vn -0.9298 -0.0 -0.3681
vn -0.9119 -0.1814 -0.3681
vn 0.4836 -0.7238 -0.4921
vn 0.3332 -0.8051 -0.4907
vn -0.0053 0.0114 -0.9999
vn -0.0066 0.0098 -0.9999
vn -0.7238 0.4836 -0.4921
vn -0.6156 0.6156 -0.4921
vn 0.009 -0.009 -0.9999
vn 0.0098 -0.0066 -0.9999
vn 0.1698 0.8538 -0.4921
vn 0.3331 0.8043 -0.4921
vn -0.0049 -0.0118 -0.9999
vn -0.0023 -0.0116 -0.9999
vn -0.1951 -0.9808 -0.0
vn 0.1713 -0.8556 -0.4885
vn -0.0044 0.0107 -0.9999
vn -0.9808 0.1951 -0.0
vn -0.4836 0.7238 -0.4921
vn -0.3331 0.8043 -0.4921
vn 0.0049 -0.0118 -0.9999
vn 0.0066 -0.0098 -0.9999
vn 0.4836 0.7238 -0.4921
vn 0.6156 0.6156 -0.4921
vn -0.009 -0.009 -0.9999
vn -0.0066 -0.0098 -0.9999
vn 0.9239 -0.3827 -0.0
vn -0.0002 -0.873 -0.4877
vn -0.1714 -0.8555 -0.4885
vn 0.0038 0.0108 -0.9999
vn 0.0 0.0121 -0.9999
vn -0.1698 0.8538 -0.4922
vn 0.0 0.8705 -0.4921
vn 0.0 -0.0128 -0.9999
vn 0.0023 -0.0116 -0.9999
vn -0.9808 -0.1951 -0.0
vn -1.0 -0.0 -0.0
vn 0.7238 0.4836 -0.4921
vn 0.8043 0.3331 -0.4921
vn -0.0118 -0.0049 -0.9999
vn -0.0098 -0.0066 -0.9999
vn -0.4836 -0.7238 -0.4921
vn -0.6156 -0.6156 -0.4921
vn 0.009 0.009 -0.9999
vn 0.0066 0.0098 -0.9999
vn 0.8538 0.1698 -0.4921
vn 0.8705 -0.0 -0.4921
vn -0.7238 -0.4836 -0.4921
vn -0.8043 -0.3331 -0.4921
vn 0.0118 0.0049 -0.9999
vn 0.0098 0.0066 -0.9999
vn 0.8538 -0.1698 -0.4921
vn 0.8043 -0.3331 -0.4921
vn -0.0118 0.0049 -0.9999
vn -0.0116 0.0023 -0.9999
vn -0.8538 -0.1698 -0.4921
vn -0.8705 -0.0 -0.4921
vn 0.0128 -0.0 -0.9999
vn 0.0116 0.0023 -0.9999
vn 0.6574 0.6574 -0.3681
vn 0.5165 0.7731 -0.3681
vn 0.9808 0.1951 -0.0
vn 0.859 0.3558 -0.3681
vn 0.7731 0.5165 -0.3681
vn -0.859 0.3558 -0.3681
vn -0.9119 0.1814 -0.3681
vn 0.9298 -0.0 -0.3681
vn 0.9119 0.1814 -0.3681
vn -0.6574 0.6574 -0.3681
vn -0.7731 0.5165 -0.3681
vn 0.8314 0.5556 -0.0
vn 0.7071 0.7071 -0.0
vn 0.859 -0.3558 -0.3681
vn 0.9119 -0.1814 -0.3681
vn -0.3562 0.8593 -0.3669
vn -0.5165 0.7731 -0.3681
vn 0.6574 -0.6574 -0.3681
vn 0.7731 -0.5165 -0.3681
vn -0.3558 -0.859 -0.3681
vn -0.1814 -0.9119 -0.3681
vn -0.7071 0.7071 -0.0
vn -0.1802 0.9134 -0.3651
vn 0.3558 -0.859 -0.3681
vn 0.5165 -0.7731 -0.3681
vn 0.9239 0.3827 -0.0
vn -0.6574 -0.6574 -0.3681
vn -0.5165 -0.7731 -0.3681
vn 0.1811 0.9132 -0.3651
vn 0.0003 0.9312 -0.3643
vn 0.0 -0.9298 -0.3681
vn 0.1814 -0.9119 -0.3681
vn -0.859 -0.3558 -0.3681
vn -0.7731 -0.5165 -0.3681
vn 0.5556 -0.8314 -0.0
vn 0.3817 -0.9243 -0.0
vn 0.5556 0.8314 -0.0
vn 0.1951 -0.9808 -0.0
vn 0.3827 -0.9239 -0.0
vn 0.3832 -0.9236 -0.0
vn -0.5556 -0.8314 -0.0
vn -0.3827 -0.9239 -0.0
vn -0.9239 -0.3827 -0.0
vn 0.3815 -0.9243 -0.0
vn 0.3831 -0.9237 -0.0
vn 0.2892 -0.9573 -0.0
vn 0.1946 -0.9786 -0.0666
vn 0.3818 -0.9218 -0.0666
vn 0.3829 0.9238 -0.0
vn 0.2915 0.9565 -0.0
vn 0.1939 -0.981 -0.0001
vn 0.383 0.9237 -0.0
vn 0.2918 0.9565 -0.0
vn 0.3819 0.9242 -0.0
vn 0.292 -0.9564 -0.0
vn 0.2896 0.9571 -0.0
vn 0.2887 -0.9574 -0.0
vn 0.2895 0.9572 -0.0
vn 0.2922 -0.9564 -0.0
vn -0.2901 -0.957 -0.0
vn -0.3822 -0.9241 -0.0
vn -0.0905 -0.9959 0.0009
vn -0.1921 -0.9814 0.0008
vn -0.1918 -0.9814 0.0008
vn -0.2897 0.9571 -0.0
vn -0.382 0.9242 -0.0
vn 0.7583 -0.6518 -0.0022
vn -0.289 -0.9573 -0.0
vn -0.3817 -0.9243 -0.0
vn -0.2917 -0.9565 -0.0
vn -0.3829 -0.9238 -0.0
vn -0.2906 -0.9568 -0.0
vn -0.3824 -0.9239 -0.0
vn -0.2923 0.9563 -0.0
vn -0.3833 0.9236 -0.0
vn -0.2912 0.9566 -0.0
vn -0.2935 0.9559 -0.0
vn -0.3838 0.9234 -0.0
vn -0.0972 0.9952 0.0012
vn -0.1942 0.981 0.0012
vn -0.1941 0.981 0.0012
vn 0.718 -0.0 -0.696
vn 0.6634 -0.2748 -0.696
vn 0.3038 -0.1258 -0.9444
vn 0.3288 -0.0 -0.9444
vn -0.1258 0.3038 -0.9444
vn 0.0 0.3288 -0.9444
vn 0.1258 0.3038 -0.9444
vn 0.2325 0.2325 -0.9444
vn 0.3038 0.1258 -0.9444
vn 0.2325 -0.2325 -0.9444
vn 0.1258 -0.3038 -0.9444
vn 0.0 -0.3288 -0.9444
vn -0.1258 -0.3038 -0.9444
vn -0.2325 -0.2325 -0.9444
vn -0.3038 -0.1258 -0.9444
vn -0.3288 -0.0 -0.9444
vn -0.3038 0.1258 -0.9444
vn -0.2325 0.2325 -0.9444
vn -0.6634 -0.2748 -0.696
vn -0.718 -0.0 -0.696
vn 0.5077 -0.5077 -0.696
vn -0.6634 0.2748 -0.696
vn 0.2748 -0.6634 -0.696
vn -0.5077 0.5077 -0.696
vn 0.0 0.718 -0.696
vn 0.2748 0.6634 -0.696
vn 0.0 -0.718 -0.696
vn -0.2748 0.6634 -0.696
vn 0.5077 0.5077 -0.696
vn -0.2748 -0.6634 -0.696
vn 0.6634 0.2748 -0.696
vn -0.5077 -0.5077 -0.696
vn 0.8247 -0.0 -0.5655
vn 0.762 -0.3156 -0.5655
vn -0.5832 -0.5832 -0.5655
vn -0.762 -0.3156 -0.5655
vn 0.762 0.3156 -0.5655
vn -0.3156 -0.762 -0.5655
vn 0.5832 0.5832 -0.5655
vn -0.3156 0.762 -0.5655
vn 0.0 0.8247 -0.5655
vn 0.0 -0.8247 -0.5655
vn 0.3156 0.762 -0.5655
vn -0.5832 0.5832 -0.5655
vn 0.3156 -0.762 -0.5655
vn -0.762 0.3156 -0.5655
vn 0.5832 -0.5832 -0.5655
vn -0.8247 -0.0 -0.5655
vn -0.3818 0.9242 0.0006
vn -0.3828 -0.9238 0.0003
vn 0.0054 0.0114 -0.9999
vn 0.3565 0.8592 -0.3668
vn -0.3334 -0.805 -0.4906
vn 0.0946 -0.9955 -0.0
vn 0.1015 0.9948 -0.0002
vn 0.0 -0.9273 0.3743
vn 0.3548 -0.8567 0.3743
vn 0.0 -0.9273 -0.3743
vn 0.0 -0.7188 -0.6952
vn 0.2751 -0.6641 -0.6952
vn 0.3548 -0.8567 -0.3743
vn 0.0 -0.4031 -0.9152
vn 0.1542 -0.3724 -0.9152
vn 0.0 -0.9056 0.424
vn 0.3466 -0.8367 0.424
vn 0.285 -0.285 -0.9152
vn 0.6557 -0.6557 0.3743
vn 0.6404 -0.6404 0.424
vn 0.6557 -0.6557 -0.3743
vn 0.5083 -0.5083 -0.6952
vn 0.8567 -0.3548 0.3743
vn 0.8367 -0.3466 0.424
vn 0.8567 -0.3548 -0.3743
vn 0.3724 -0.1542 -0.9152
vn 0.6641 -0.2751 -0.6952
vn 0.9273 -0.0 0.3743
vn 0.7188 -0.0 -0.6952
vn 0.9273 -0.0 -0.3743
vn 0.4031 -0.0 -0.9151
vn 0.9056 -0.0 0.424
vn 0.8567 0.3548 0.3743
vn 0.6641 0.2751 -0.6952
vn 0.8567 0.3548 -0.3743
vn 0.3724 0.1542 -0.9151
vn 0.8367 0.3466 0.424
vn 0.6557 0.6557 0.3743
vn 0.6404 0.6404 0.424
vn 0.6557 0.6557 -0.3743
vn 0.285 0.285 -0.9152
vn 0.5083 0.5083 -0.6952
vn 0.3548 0.8567 -0.3743
vn 0.1542 0.3724 -0.9152
vn 0.2751 0.6641 -0.6952
vn 0.3548 0.8567 0.3743
vn 0.3466 0.8367 0.424
vn 0.3688 0.8904 0.2665
vn 0.6815 0.6815 0.2665
vn 0.0 0.9273 0.3743
vn 0.0 0.7188 -0.6952
vn 0.0 0.9273 -0.3743
vn 0.0 0.4031 -0.9152
vn -0.8367 0.3466 0.424
vn -0.9056 -0.0 0.424
vn -0.9638 -0.0 0.2665
vn -0.8904 0.3688 0.2665
vn 0.0 0.9056 0.424
vn -0.2751 0.6641 -0.6952
vn -0.3548 0.8567 -0.3743
vn -0.1542 0.3724 -0.9152
vn -0.6404 -0.6404 0.424
vn -0.3466 -0.8367 0.424
vn -0.3688 -0.8904 0.2665
vn -0.6815 -0.6815 0.2665
vn -0.3548 0.8567 0.3743
vn -0.3466 0.8367 0.424
vn -0.6404 0.6404 0.424
vn -0.6815 0.6815 0.2665
vn 0.0 0.9638 0.2665
vn -0.6557 0.6557 0.3743
vn -0.6557 0.6557 -0.3743
vn -0.285 0.285 -0.9152
vn -0.5083 0.5083 -0.6952
vn 0.8904 0.3688 0.2665
vn 0.9638 -0.0 0.2665
vn -0.3724 0.1542 -0.9152
vn -0.6641 0.2751 -0.6952
vn -0.3688 0.8904 0.2665
vn -0.8567 0.3548 0.3743
vn -0.8567 0.3548 -0.3743
vn -0.8367 -0.3466 0.424
vn -0.8904 -0.3688 0.2665
vn 0.8904 -0.3688 0.2665
vn -0.9273 -0.0 0.3743
vn -0.7188 -0.0 -0.6952
vn -0.9273 -0.0 -0.3743
vn -0.4031 -0.0 -0.9152
vn -0.3724 -0.1542 -0.9152
vn 0.6815 -0.6815 0.2665
vn 0.3688 -0.8904 0.2665
vn -0.8567 -0.3548 0.3743
vn -0.8567 -0.3548 -0.3743
vn -0.6641 -0.2751 -0.6952
vn -0.6557 -0.6557 0.3743
vn -0.6557 -0.6557 -0.3743
vn -0.285 -0.285 -0.9152
vn -0.5083 -0.5083 -0.6952
vn 0.0 -0.9638 0.2665
vn -0.3548 -0.8567 0.3743
vn -0.2751 -0.6641 -0.6952
vn -0.3548 -0.8567 -0.3743
vn -0.1542 -0.3724 -0.9151
usemtl whiteplastic
s 1
f 11//1 1910//2 1904//3 1902//3 1901//4 10//5
f 4//6 1919//7 1925//8 1923//8 1927//8 1929//8 1931//9 3//10
f 1//11 484//12 1942//13 16//14
f 10//5 1901//4 1900//15 9//16
f 3//10 1931//9 1933//17 1935//17 1937//17 1939//17 1941//18 2//19
f 16//14 1942//13 1571//20 1285//20 1294//20 1566//20 1932//21 15//22
f 9//16 1900//15 1899//23 8//24
f 2//19 1941//18 484//12 1//11
f 15//22 1932//21 1561//25 1303//25 1312//25 1556//25 1921//26 14//27
f 8//24 1899//23 1895//28 1897//28 1890//29 7//30
f 14//27 1921//26 1551//31 1383//31 1386//31 1546//31 1922//32 13//33
f 7//30 1890//29 1891//34 1893//34 435//35 6//36
f 13//33 1922//32 1541//37 1389//37 1392//37 1536//38 446//39 12//40
f 6//36 435//35 1920//41 1883//42 1885//42 1887//42 1889//43 5//44
f 5//44 1889//43 1915//45 1911//45 1913//45 1917//45 1919//7 4//6
f 1//11 16//14 15//22 14//27 13//33 12//40 11//1 10//5 9//16 8//24 7//30 6//36 5//44 4//6 3//10 2//19
f 1328//46 1329//46 1429//46 1428//46
f 896//47 44//48 1161//48 1160//47
f 783//49 1125//50 1105//50 1104//49
f 1248//51 89//52 1365//52 1364//51
f 918//53 1199//54 1177//54 1176//53
f 1154//55 1155//56 1341//56 1340//55
f 949//57 1215//58 1195//58 1194//57
f 840//46 843//46 1249//46 36//46
f 1218//59 93//60 1357//60 1356//59
f 1198//46 950//46 97//46 52//46
f 1289//61 83//62 1377//62 1376//61
f 810//63 1137//64 1121//64 1120//63
f 624//46 620//46 105//46 1269//46
f 1140//65 1141//66 1337//66 1336//65
f 731//46 728//46 1308//46 20//46
f 1202//67 1203//68 1353//68 1352//67
f 655//69 72//70 1265//70 1264//69
f 1108//46 787//46 1273//46 28//46
f 1307//71 18//72 1381//72 1380//71
f 677//73 76//74 1279//74 1278//73
f 1114//75 107//76 139//76 678//75
f 712//77 80//78 1297//78 1296//77
f 1164//46 1165//46 1235//46 1234//46
f 1170//79 99//80 1345//80 1344//79
f 1316//81 1093//82 1315//82 1314//81
f 901//83 91//84 1361//84 1360//83
f 1136//85 1149//86 1133//86 1132//85
f 1230//46 1231//46 1171//46 566//46
f 1256//87 68//88 1253//88 1252//87
f 1096//89 1097//90 1325//90 1324//89
f 946//91 56//92 1211//92 1210//91
f 1282//46 1283//46 1115//46 674//46
f 568//93 60//94 1227//94 1226//93
f 609//95 1257//96 1241//96 1240//95
f 864//46 865//46 1235//46 1165//46
f 1260//97 87//98 1369//98 1368//97
f 1082//99 1083//100 1321//100 1320//99
f 1214//46 944//46 1171//46 1231//46
f 1272//101 85//102 1373//102 1372//101
f 1268//46 647//46 1115//46 1283//46
f 1148//103 40//104 1145//104 1144//103
f 757//46 761//46 1290//46 1109//46
f 1124//46 28//46 1273//46 811//46
f 1180//46 1181//46 1219//46 919//46
f 1128//105 1129//106 1333//106 1332//105
f 1244//46 1245//46 101//46 601//46
f 1300//46 1301//46 109//46 701//46
f 762//46 114//46 1479//46 1478//46
f 1186//107 1187//108 1349//108 1348//107
f 19//109 1088//109 1089//109 782//109 27//109 809//109 31//109 839//109 35//109 863//109 39//109 895//109 43//109 917//109 47//109 948//109 51//109 945//109 55//109 567//109 59//109 607//109 63//109 623//109 67//109 654//109 71//109 676//109 75//109 711//109 79//109 730//109
f 893//46 325//46 1554//46 1553//46
f 920//46 125//46 1455//46 1454//46
f 657//46 137//46 1433//46 1432//46
f 902//46 123//46 1459//46 1458//46
f 629//46 135//46 1437//46 1436//46
f 873//46 121//46 1463//46 1462//46
f 610//46 133//46 1441//46 1440//46
f 847//46 119//46 1467//46 1466//46
f 575//46 131//46 1445//46 1444//46
f 813//46 117//46 1471//46 1470//46
f 732//46 143//46 1421//46 1420//46
f 131//46 947//46 1945//46 1445//46
f 788//46 115//46 1475//46 1474//46
f 713//46 141//46 1425//46 1424//46
f 129//46 951//46 1450//46 1896//46 437//46 439//46
f 648//46 334//46 1525//46 1524//46
f 1563//110 1564//111 214//112 859//113
f 621//46 316//46 1529//46 1528//46
f 869//46 307//46 1559//46 1558//46
f 608//46 298//46 1533//46 1532//46
f 894//46 327//46 1802//46 911//46
f 797//114 227//115 1103//115 1406//114
f 838//46 289//46 182//46 853//46
f 578//46 1572//46 1535//46 1534//46
f 912//46 329//46 328//46 897//46
f 1772//116 1944//117 964//118 1848//116
f 812//46 262//46 1569//46 1568//46
f 741//46 1628//46 1513//46 1512//46
f 899//46 331//46 330//46 898//46
f 1572//46 1570//46 482//46 1943//46 1539//46 1538//46 1535//46
f 740//119 1626//120 1183//120 1506//119
f 802//46 1806//46 1574//46 1573//46
f 900//46 333//46 1267//46 913//46
f 726//46 1684//46 1517//46 1516//46
f 1122//121 1123//122 1131//122 1130//121
f 1741//123 1742//124 1818//124 1817//123
f 772//46 279//46 1578//46 1577//46
f 649//46 336//46 335//46 668//46
f 684//46 163//46 1521//46 1520//46
f 1366//125 1367//126 1608//126 1607//125
f 926//46 145//46 1549//46 1548//46
f 669//46 1798//46 337//46 650//46
f 613//127 196//128 228//129 614//130
f 611//131 164//132 368//132 612//131
f 652//46 340//46 339//46 651//46
f 770//133 278//12 1507//12 1086//133
f 661//134 232//135 1674//136 1673//137
f 581//138 194//139 226//140 582//141
f 604//131 301//132 88//132 1078//131
f 653//46 342//46 1800//46 670//46
f 832//142 180//143 212//144 833//145
f 744//146 206//147 236//148 753//149
f 1438//150 1439//15 1580//15 1579//150
f 194//139 956//151 954//152 226//140
f 845//153 1453//122 1497//122 1609//153
f 803//154 178//155 210//156 806//157
f 622//46 318//46 317//46 641//46
f 715//158 204//159 235//160 717//161
f 630//125 166//162 365//162 632//125
f 192//163 957//164 958//165 224//166
f 642//46 320//46 1197//46 625//46
f 765//167 177//168 209//169 766//170
f 867//171 314//172 1610//172 1713//171
f 680//173 202//174 234//175 682//176
f 627//46 322//46 321//46 626//46
f 923//177 188//178 220//179 924//180
f 769//133 276//12 1584//12 1100//133
f 659//181 200//182 232//135 661//134
f 628//46 324//46 323//46 643//46
f 738//119 1622//120 1193//120 1583//119
f 905//183 186//184 218//185 906//186
f 631//187 198//188 230//189 633//190
f 1358//125 1359//126 1636//126 1635//125
f 870//46 309//46 308//46 886//46
f 876//191 184//192 216//193 877//194
f 924//180 220//179 1690//195 1689//196
f 658//197 168//126 362//126 660//197
f 887//46 311//46 310//46 871//46
f 1706//46 1707//46 1708//46 1667//46 1668//46 1669//46 1670//46 1671//46 1672//46 662//46 255//46 1675//46 1676//46 1677//46 1678//46 1679//46 1680//46 1681//46 1682//46 1685//46 1686//46 925//46 243//46 1693//46 1694//46 1697//46 1698//46 1701//46 1702//46 1703//46 1704//46 1705//46
f 906//186 218//185 242//198 907//199
f 633//190 230//189 253//200 634//201
f 868//46 313//46 312//46 872//46
f 768//133 274//12 1592//12 1102//133
f 877//194 216//193 241//202 883//203
f 614//130 228//129 251//204 615//205
f 866//46 315//46 1363//46 1266//46
f 1188//206 1189//207 1774//207 1773//206
f 859//113 214//112 240//208 861//209
f 582//141 226//140 249//210 592//211
f 1430//150 1431//15 1588//15 1587//150
f 605//46 300//46 1351//46 606//46
f 833//145 212//144 239//212 835//213
f 753//149 236//148 261//214 754//215
f 1354//114 1355//216 53//216 1637//114
f 226//140 954//152 955//217 249//210
f 603//46 302//46 1343//46 1196//46
f 806//157 210//156 238//218 808//219
f 679//206 170//220 1590//220 1589//206
f 717//161 235//160 259//221 727//222
f 600//46 304//46 1335//46 602//46
f 224//166 958//165 959//223 247//224
f 1262//125 1163//162 1113//162 1715//125
f 766//170 209//169 237//225 771//226
f 596//46 306//46 1327//46 599//46
f 682//176 234//175 257//227 683//228
f 767//133 1419//12 1600//12 1110//133
f 1184//206 1185//207 1085//207 1084//206
f 736//119 1618//120 1209//120 1591//119
f 1633//229 1634//132 1151//132 1150//229
f 836//46 291//46 290//46 837//46
f 807//46 229//46 1692//46 1510//46
f 577//229 281//230 21//230 584//229
f 714//231 172//207 356//207 716//231
f 821//46 266//46 265//46 822//46
f 1258//125 319//162 1079//162 1717//125
f 819//46 268//46 1511//46 820//46
f 1683//123 199//124 1119//124 1118//123
f 817//46 270//46 1632//46 818//46
f 1422//150 1423//15 1596//15 1595//150
f 805//114 231//115 1111//115 1158//114
f 739//46 248//46 246//46 1442//46
f 1106//125 1107//126 1139//126 1138//125
f 737//46 252//46 250//46 1434//46
f 692//206 165//220 423//220 1881//206
f 735//46 256//46 254//46 1426//46
f 1346//114 1347//216 1642//216 1641//114
f 824//46 264//46 263//46 825//46
f 745//46 260//46 258//46 733//46
f 734//119 174//120 353//120 751//119
f 1562//46 1560//46 469//46 1565//46 1567//46
f 1813//232 1814//233 1880//233 1879//232
f 1552//46 1550//46 454//46 1555//46 1557//46
f 1178//121 1179//122 1095//122 1094//121
f 1542//46 1540//46 459//46 1545//46 1547//46
f 1418//119 1614//120 1225//120 1599//119
f 1980//46 960//46 446//39 1536//38 1537//46
f 1629//229 1630//132 1167//132 1166//229
f 1811//232 1812//233 1878//233 1877//232
f 800//46 221//46 1700//46 801//46
f 574//229 283//234 25//234 586//229
f 798//46 225//46 1696//46 799//46
f 1254//197 1255//220 1720//220 1719//197
f 1809//232 1810//233 1876//233 1875//232
f 1627//235 244//236 1175//236 1174//235
f 804//46 233//46 1688//46 1631//46
f 1807//232 1808//233 1874//233 1873//232
f 1338//114 1339//216 100//216 1645//114
f 724//46 203//46 201//46 725//46
f 1805//232 217//233 1872//233 1871//232
f 722//46 207//46 205//46 723//46
f 1172//123 1310//237 1658//237 1775//123
f 720//46 211//46 208//46 721//46
f 1625//231 1816//207 1882//207 1182//231
f 718//46 215//46 213//46 719//46
f 572//229 285//238 29//238 588//229
f 1250//153 1251//172 1722//172 1721//153
f 685//46 167//46 1790//46 1815//46
f 1168//123 1306//237 1660//237 1098//123
f 776//46 271//46 272//46 1687//46
f 1623//235 1624//236 1191//236 1190//235
f 775//46 273//46 1427//46 1691//46
f 1803//197 1804//220 1870//220 1869//197
f 774//46 275//46 1435//46 1695//46
f 1330//114 1331//216 1650//216 1649//114
f 773//46 277//46 1443//46 1699//46
f 1246//153 1247//172 1724//172 1723//153
f 1801//171 1091//172 1782//172 1867//171
f 1621//231 1744//207 1820//207 1192//231
f 1090//153 1477//122 1411//122 1781//153
f 849//46 293//46 292//46 850//46
f 1799//125 1135//162 126//162 1865//125
f 846//46 295//46 294//46 848//46
f 570//229 287//239 33//239 590//229
f 844//46 297//46 296//46 1362//46
f 1575//150 1576//15 396//15 1276//150
f 1797//153 338//172 1864//172 1863//153
f 576//46 1562//46 1567//46 1350//46
f 1162//131 303//132 112//132 1112//131
f 573//46 1552//46 1557//46 1342//46
f 1771//231 1772//116 1848//116 1847//231
f 571//46 1542//46 1547//46 1334//46
f 1619//235 1620//236 1207//236 1206//235
f 569//46 1980//46 1537//46 1326//46
f 1795//125 1229//162 1732//162 1861//125
f 1322//114 1323//216 132//216 1653//114
f 934//46 161//46 1788//46 933//46
f 932//46 158//46 156//46 931//46
f 1769//235 160//124 1854//124 942//235
f 930//46 1786//46 152//46 929//46
f 1242//121 1243//122 1726//122 1725//121
f 928//46 150//46 1784//46 927//46
f 1793//197 341//126 1866//126 1859//197
f 1617//231 1748//207 1824//207 1208//231
f 691//46 179//46 1794//46 690//46
f 1791//171 171//237 1858//237 1857//171
f 689//46 175//46 173//46 688//46
f 1318//131 1319//162 1656//162 1655//131
f 687//46 1792//46 169//46 686//46
f 281//230 481//240 480//240 21//230
f 1092//241 24//242 23//242 756//241
f 1270//153 1271//172 1712//172 1711//153
f 579//229 162//233 371//233 580//229
f 1370//153 1461//122 1489//122 1605//153
f 1446//150 1447//15 1503//15 1502//150
f 1200//171 1201//237 1299//237 1298//171
f 1768//243 1888//244 1886//244 1844//243
f 1743//206 1217//220 1736//220 1819//206
f 1514//229 1515//132 1405//132 1404//229
f 1274//153 1275//172 1710//172 1709//153
f 162//233 952//245 565//245 371//233
f 1374//125 1375//126 1604//126 1603//125
f 1448//131 1449//162 1501//162 1500//131
f 1204//171 1205//237 1740//237 1739//171
f 1764//246 1918//247 1914//247 1840//246
f 1745//123 1746//124 1822//124 1821//123
f 1518//114 223//115 1101//115 1402//114
f 1378//153 1469//122 1481//122 1601//153
f 1747//206 1221//220 1734//220 1823//206
f 1452//121 269//216 1159//216 1496//121
f 1522//229 1523//132 1401//132 1400//229
f 1280//197 1281//220 1666//220 1665//197
f 921//235 157//124 377//124 922//235
f 1749//123 1750//124 1826//124 1825//123
f 1456//131 1457//162 1493//162 1492//131
f 1212//121 1213//122 74//122 1737//121
f 1526//114 219//115 1087//115 1398//114
f 903//123 155//237 379//237 904//123
f 1134//131 305//132 128//132 1779//131
f 1460//121 267//216 1407//216 1488//121
f 1751//206 176//220 1860//220 1827//206
f 1530//229 1531//132 1397//132 1396//229
f 1287//197 1288//220 1664//220 1663//197
f 874//171 153//172 381//172 875//171
f 1464//131 1465//162 1485//162 1484//131
f 1216//197 1259//126 1718//126 1735//197
f 1753//123 1754//124 1830//124 1829//123
f 1291//197 1292//220 1662//220 1661//197
f 851//153 151//122 383//122 852//153
f 1468//121 1519//216 1403//216 1480//121
f 1220//197 1263//126 1716//126 1733//197
f 1755//231 181//248 1832//248 1831//231
f 287//239 463//249 462//249 33//239
f 823//121 149//216 385//216 816//121
f 1760//248 1930//250 1928//250 1836//248
f 1472//131 1473//162 1415//162 1414//131
f 1757//235 148//124 418//124 1833//235
f 796//114 147//115 387//115 795//114
f 1476//121 1527//216 1399//216 1410//121
f 1228//131 299//132 65//132 1731//131
f 1759//231 1760//248 1836//248 1835//231
f 285//238 458//251 457//251 29//238
f 764//133 146//12 352//12 763//133
f 181//248 1940//252 1938//252 1832//248
f 1146//121 1147//122 122//122 1126//121
f 1761//235 1169//124 1099//124 1837//235
f 1305//171 1379//172 1602//172 1659//171
f 1611//235 1612//236 1239//236 1238//235
f 1763//231 1764//246 1840//246 1839//231
f 1232//171 1233//237 1730//237 1729//171
f 283//234 473//253 472//253 25//234
f 1309//171 1371//172 1606//172 1657//171
f 1783//123 326//237 1868//237 1849//123
f 1613//231 1752//207 1828//207 1224//231
f 1152//206 1153//207 1117//207 1116//206
f 1785//206 154//207 419//207 1851//206
f 1080//125 1081//126 1143//126 1142//125
f 1236//171 1237//237 1728//237 1727//171
f 1765//235 1173//124 1776//124 1841//235
f 1787//123 332//237 1714//237 1853//123
f 1615//235 1616//236 1223//236 1222//235
f 1767//231 1768//243 1844//243 1843//231
f 1156//206 1157//207 1778//207 1777//206
f 1789//197 1796//126 1862//126 1855//197
f 1936//254 1934//254 1758//255 1834//255
f 438//256 436//256 953//257 1498//258
f 1926//46 450//46 451//46 189//46 187//46
f 1943//46 477//46 476//46 1756//46 1544//46 1543//46 1539//46
f 1920//41 435//35 963//46 197//46 195//46
f 470//259 471//259 282//260 22//260
f 1910//2 11//1 12//40 446//39 1906//261 1908//261
f 464//262 465//262 1762//263 1838//263
f 474//46 467//46 468//46 185//46 183//46
f 447//264 1916//264 1766//265 1842//265
f 453//266 452//266 1770//267 1846//267
f 449//46 431//46 430//46 193//46 191//46
f 461//268 460//268 286//269 30//269
f 483//270 479//270 280//115 17//115
f 456//271 455//271 284//272 26//272
f 444//273 1907//273 1981//274 961//275
f 496//46 1954//46 1970//46 1969//46
f 1953//122 512//122 511//216 495//216
f 511//216 510//115 1955//115 495//216
f 504//162 503//132 1962//132 488//162
f 501//15 516//236 1949//236 1948//15
f 510//115 509//12 1956//12 1955//115
f 503//132 502//233 1963//233 1962//132
f 516//236 515//124 1950//124 1949//236
f 509//12 508//120 1957//120 1956//12
f 502//233 501//15 1948//15 1963//233
f 515//124 514//237 1951//237 1950//124
f 508//120 507//207 1958//207 1957//120
f 514//237 513//172 1952//172 1951//237
f 507//207 506//220 1959//220 1958//207
f 513//172 512//122 1953//122 1952//172
f 506//220 505//126 1960//126 1959//220
f 489//46 1961//46 1977//46 1976//46
f 1954//46 494//46 1971//46 1970//46
f 1961//46 487//46 1978//46 1977//46
f 485//46 500//46 1965//46 1964//46
f 494//46 493//46 1972//46 1971//46
f 487//46 486//46 1979//46 1978//46
f 500//46 499//46 1966//46 1965//46
f 493//46 492//46 1973//46 1972//46
f 486//46 485//46 1964//46 1979//46
f 499//46 498//46 1967//46 1966//46
f 492//46 491//46 1974//46 1973//46
f 498//46 497//46 1968//46 1967//46
f 491//46 490//46 1975//46 1974//46
f 497//46 496//46 1969//46 1968//46
f 490//46 489//46 1976//46 1975//46
f 549//276 551//277 544//278 545//279
f 534//280 533//281 548//282 547//283 546//284 545//279 544//278 543//285 542//286 541//287 540//288 539//289 538//290 537//291 536//292 535//293
f 550//294 552//295 537//291 538//290
f 551//277 553//296 543//285 544//278
f 552//295 554//297 536//292 537//291
f 553//296 555//298 542//286 543//285
f 554//297 557//299 535//293 536//292
f 556//300 558//301 548//282 533//281
f 555//298 559//302 541//287 542//286
f 557//299 560//303 534//280 535//293
f 558//301 561//304 547//283 548//282
f 559//302 562//305 540//288 541//287
f 560//303 556//300 533//281 534//280
f 561//304 563//306 546//284 547//283
f 562//305 564//307 539//289 540//288
f 563//306 549//276 545//279 546//284
f 564//307 550//294 538//290 539//289
f 529//308 528//309 551//277 549//276
f 523//310 522//311 550//294 564//307
f 530//312 529//308 549//276 563//306
f 524//313 523//310 564//307 562//305
f 531//314 530//312 563//306 561//304
f 518//315 517//316 556//300 560//303
f 525//317 524//313 562//305 559//302
f 532//318 531//314 561//304 558//301
f 519//319 518//315 560//303 557//299
f 526//320 525//317 559//302 555//298
f 517//316 532//318 558//301 556//300
f 520//321 519//319 557//299 554//297
f 527//322 526//320 555//298 553//296
f 521//323 520//321 554//297 552//295
f 528//309 527//322 553//296 551//277
f 522//311 521//323 552//295 550//294
f 505//126 504//162 488//162 1960//126
f 164//132 579//229 580//229 368//132
f 288//324 1322//114 1653//114 34//324
f 306//46 569//46 1326//46 1327//46
f 304//46 571//46 1334//46 1335//46
f 302//46 573//46 1342//46 1343//46
f 300//46 576//46 1350//46 1351//46
f 305//132 570//229 590//229 128//132
f 286//269 1330//114 1649//114 30//269
f 303//132 572//229 588//229 112//132
f 284//272 1338//114 1645//114 26//272
f 301//132 574//229 586//229 88//132
f 282//260 1346//114 1641//114 22//260
f 299//132 577//229 584//229 65//132
f 280//115 1354//114 1637//114 17//115
f 228//129 582//141 592//211 251//204
f 196//128 581//138 582//141 228//129
f 298//46 578//46 1534//46 1533//46
f 133//46 575//46 1444//46 1441//46
f 56//92 568//93 1226//93 1211//92
f 1245//46 1230//46 566//46 101//46
f 1155//56 1170//79 1344//79 1341//56
f 1331//216 1146//121 1126//121 1650//216
f 1229//162 1228//131 1731//131 1732//162
f 1135//162 1134//131 1779//131 126//162
f 1347//216 1212//121 1737//121 1642//216
f 1355//216 1242//121 1725//121 53//216
f 1163//162 1162//131 1112//131 1113//162
f 1339//216 1178//121 1094//121 100//216
f 324//46 596//46 599//46 323//46
f 322//46 600//46 602//46 321//46
f 320//46 603//46 1196//46 1197//46
f 318//46 605//46 606//46 317//46
f 230//189 614//130 615//205 253//200
f 319//162 604//131 1078//131 1079//162
f 166//162 611//131 612//131 365//162
f 198//188 613//127 614//130 230//189
f 1323//216 1122//121 1130//121 132//216
f 316//46 608//46 1532//46 1529//46
f 135//46 610//46 1440//46 1437//46
f 64//46 1244//46 601//46 103//46
f 60//94 609//95 1240//95 1227//94
f 1141//66 1154//55 1340//55 1337//66
f 1123//122 1274//153 1709//153 1131//122
f 1147//122 1270//153 1711//153 122//122
f 1796//126 1795//125 1861//125 1862//126
f 1179//122 1797//153 1863//153 1095//122
f 341//126 1799//125 1865//125 1866//126
f 1243//122 1246//153 1723//153 1726//122
f 1213//122 1250//153 1721//153 74//122
f 1259//126 1258//125 1717//125 1718//126
f 1263//126 1262//125 1715//125 1716//126
f 232//135 633//190 634//201 1674//136
f 200//182 631//187 633//190 232//135
f 342//46 628//46 643//46 1800//46
f 340//46 627//46 626//46 339//46
f 1798//46 642//46 625//46 337//46
f 168//126 630//125 632//125 362//126
f 336//46 622//46 641//46 335//46
f 334//46 621//46 1528//46 1525//46
f 137//46 629//46 1436//46 1433//46
f 1257//96 1256//87 1252//87 1241//96
f 1129//106 1140//65 1336//65 1333//106
f 64//46 103//46 620//46 624//46
f 165//220 1789//197 1855//197 423//220
f 1275//172 1236//171 1727//171 1710//172
f 1271//172 1232//171 1729//171 1712//172
f 1221//220 1220//197 1733//197 1734//220
f 1217//220 1216//197 1735//197 1736//220
f 1251//172 1204//171 1739//171 1722//172
f 1247//172 1200//171 1298//171 1724//172
f 338//172 1791//171 1857//171 1864//172
f 176//220 1793//197 1859//197 1860//220
f 170//220 658//197 660//197 1590//220
f 202//174 659//181 661//134 234//175
f 179//46 653//46 670//46 1794//46
f 234//175 661//134 1673//137 257//227
f 175//46 652//46 651//46 173//46
f 1792//46 669//46 650//46 169//46
f 167//46 649//46 668//46 1790//46
f 163//46 648//46 1524//46 1521//46
f 1329//46 657//46 1432//46 1429//46
f 107//76 1128//105 1332//105 139//76
f 1269//46 105//46 647//46 1268//46
f 68//88 655//69 1264//69 1253//88
f 1237//237 1753//123 1829//123 1728//237
f 1752//207 1751//206 1827//206 1828//207
f 1233//237 1749//123 1825//123 1730//237
f 1748//207 1747//206 1823//206 1824//207
f 171//237 1745//123 1821//123 1858//237
f 1744//207 1743//206 1819//206 1820//207
f 207//46 687//46 686//46 205//46
f 211//46 689//46 688//46 208//46
f 215//46 691//46 690//46 213//46
f 203//46 685//46 1815//46 201//46
f 1816//207 692//206 1881//206 1882//207
f 1201//237 1683//123 1118//123 1299//237
f 235//160 682//176 683//228 259//221
f 172//207 679//206 1589//206 356//207
f 204//159 680//173 682//176 235//160
f 1684//46 684//46 1520//46 1517//46
f 1205//237 1741//123 1817//123 1740//237
f 1301//46 1282//46 674//46 109//46
f 1097//90 1114//75 678//75 1325//90
f 72//70 677//73 1278//73 1265//70
f 141//46 1328//46 1428//46 1425//46
f 1750//124 1615//235 1222//235 1826//124
f 1614//120 1613//231 1224//231 1225//120
f 1754//124 1611//235 1238//235 1830//124
f 1618//120 1617//231 1208//231 1209//120
f 1746//124 1619//235 1206//235 1822//124
f 1622//120 1621//231 1192//231 1193//120
f 1742//124 1623//235 1190//235 1818//124
f 260//46 718//46 719//46 258//46
f 1626//120 1625//231 1182//231 1183//120
f 256//46 720//46 721//46 254//46
f 252//46 722//46 723//46 250//46
f 248//46 724//46 725//46 246//46
f 199//124 1627//235 1174//235 1119//124
f 174//120 714//231 716//231 353//120
f 236//148 717//161 727//222 261//214
f 206//147 715//158 717//161 236//148
f 1628//46 726//46 1516//46 1513//46
f 143//46 713//46 1424//46 1421//46
f 1317//46 1300//46 701//46 111//46
f 1083//100 1096//89 1324//89 1321//100
f 76//74 712//77 1296//77 1279//74
f 244//236 1446//150 1502//150 1175//236
f 1612//236 1575//150 1276//150 1239//236
f 1419//12 1418//119 1599//119 1600//12
f 146//12 734//119 751//119 352//12
f 271//46 745//46 733//46 272//46
f 273//46 735//46 1426//46 1427//46
f 275//46 737//46 1434//46 1435//46
f 277//46 739//46 1442//46 1443//46
f 1616//236 1422//150 1595//150 1223//236
f 274//12 736//119 1591//119 1592//12
f 209//169 753//149 754//215 237//225
f 1620//236 1430//150 1587//150 1207//236
f 276//12 738//119 1583//119 1584//12
f 1624//236 1438//150 1579//150 1191//236
f 177//168 744//146 753//149 209//169
f 278//12 740//119 1506//119 1507//12
f 279//46 741//46 1512//46 1578//46
f 114//46 732//46 1420//46 1479//46
f 18//72 1082//99 1320//99 1381//72
f 80//78 1316//81 1314//81 1297//78
f 1317//46 111//46 728//46 731//46
f 147//115 764//133 763//133 387//115
f 1093//82 1092//241 756//241 1315//82
f 221//46 773//46 1699//46 1700//46
f 225//46 774//46 1695//46 1696//46
f 229//46 775//46 1691//46 1692//46
f 233//46 776//46 1687//46 1688//46
f 1447//15 1805//232 1871//232 1503//15
f 1439//15 1807//232 1873//232 1580//15
f 1431//15 1809//232 1875//232 1588//15
f 1423//15 1811//232 1877//232 1596//15
f 1576//15 1813//232 1879//232 396//15
f 231//115 767//133 1110//133 1111//115
f 210//156 766//170 771//226 238//218
f 227//115 768//133 1102//133 1103//115
f 223//115 769//133 1100//133 1101//115
f 178//155 765//167 766//170 210//156
f 219//115 770//133 1086//133 1087//115
f 1806//46 772//46 1577//46 1574//46
f 115//46 762//46 1478//46 1475//46
f 20//46 1308//46 761//46 757//46
f 83//62 1307//71 1380//71 1377//62
f 149//216 796//114 795//114 385//216
f 217//233 1530//229 1396//229 1872//233
f 1527//216 1526//114 1398//114 1399//216
f 1808//233 1522//229 1400//229 1874//233
f 1519//216 1518//114 1402//114 1403//216
f 1810//233 1514//229 1404//229 1876//233
f 270//46 804//46 1631//46 1632//46
f 266//46 798//46 799//46 265//46
f 264//46 800//46 801//46 263//46
f 1814//233 1629//229 1166//229 1880//233
f 269//216 805//114 1158//114 1159//216
f 268//46 807//46 1510//46 1511//46
f 1812//233 1633//229 1150//229 1878//233
f 212//144 806//157 808//219 239//212
f 180//143 803//154 806//157 212//144
f 262//46 802//46 1573//46 1569//46
f 267//216 797//114 1406//114 1407//216
f 117//46 788//46 1474//46 1471//46
f 1109//46 1290//46 787//46 1108//46
f 85//102 1289//61 1376//61 1373//102
f 24//242 783//49 1104//49 23//242
f 1477//122 1476//121 1410//121 1411//122
f 1523//132 1472//131 1414//131 1401//132
f 151//122 823//121 816//121 383//122
f 1469//122 1468//121 1480//121 1481//122
f 1515//132 1464//131 1484//131 1405//132
f 1461//122 1460//121 1488//121 1489//122
f 1634//132 1456//131 1492//131 1151//132
f 1453//122 1452//121 1496//121 1497//122
f 1630//132 1448//131 1500//131 1167//132
f 1531//132 1318//131 1655//131 1397//132
f 291//46 824//46 825//46 290//46
f 297//46 817//46 818//46 296//46
f 295//46 819//46 820//46 294//46
f 293//46 821//46 822//46 292//46
f 214//112 833//145 835//213 240//208
f 1564//111 832//142 833//145 214//112
f 289//46 812//46 1568//46 182//46
f 119//46 813//46 1470//46 1467//46
f 32//46 1124//46 811//46 1261//46
f 87//98 1272//101 1372//101 1369//98
f 1125//50 810//63 1120//63 1105//50
f 1473//162 1080//125 1142//125 1415//162
f 153//172 851//153 852//153 381//172
f 1379//172 1378//153 1601//153 1602//172
f 1465//162 1374//125 1603//125 1485//162
f 1371//172 1370//153 1605//153 1606//172
f 315//46 844//46 1362//46 1363//46
f 313//46 846//46 848//46 312//46
f 311//46 849//46 850//46 310//46
f 1091//172 1090//153 1781//153 1782//172
f 1319//162 1106//125 1138//125 1656//162
f 309//46 836//46 837//46 308//46
f 216//193 859//113 861//209 241//202
f 1449//162 1358//125 1635//125 1501//162
f 314//172 845//153 1609//153 1610//172
f 1457//162 1366//125 1607//125 1493//162
f 307//46 838//46 853//46 1559//46
f 184//192 1563//110 859//113 216//193
f 121//46 847//46 1466//46 1463//46
f 89//52 1260//97 1368//97 1365//52
f 1137//64 1136//85 1132//85 1121//64
f 32//46 1261//46 843//46 840//46
f 1310//237 1309//171 1657//171 1658//237
f 1306//237 1305//171 1659//171 1660//237
f 1081//126 1291//197 1661//197 1143//126
f 155//237 874//171 875//171 379//237
f 1107//126 1287//197 1663//197 1139//126
f 1367//126 1280//197 1665//197 1608//126
f 326//237 1801//171 1867//171 1868//237
f 1375//126 1803//197 1869//197 1604//126
f 1359//126 1254//197 1719//197 1636//126
f 333//46 866//46 1266//46 1267//46
f 218//185 877//194 883//203 242//198
f 331//46 868//46 872//46 330//46
f 329//46 887//46 871//46 328//46
f 186//184 876//191 877//194 218//185
f 327//46 870//46 886//46 1802//46
f 332//237 867//171 1713//171 1714//237
f 325//46 869//46 1558//46 1554//46
f 123//46 873//46 1462//46 1459//46
f 1149//86 1148//103 1144//103 1133//86
f 36//46 1249//46 865//46 864//46
f 91//84 1248//51 1364//51 1361//84
f 1292//220 1156//206 1777//206 1662//220
f 160//124 1787//123 1853//123 1854//124
f 1804//220 1785//206 1851//206 1870//220
f 1288//220 1152//206 1116//206 1664//220
f 148//124 1783//123 1849//123 418//124
f 157//124 903//123 904//123 377//124
f 1169//124 1168//123 1098//123 1099//124
f 1173//124 1172//123 1775//123 1776//124
f 1281//220 1184//206 1084//206 1666//220
f 1255//220 1188//206 1773//206 1720//220
f 220//179 906//186 907//199 1690//195
f 188//178 905//183 906//186 220//179
f 161//46 900//46 913//46 1788//46
f 158//46 899//46 898//46 156//46
f 1786//46 912//46 897//46 152//46
f 150//46 894//46 911//46 1784//46
f 125//46 902//46 1458//46 1455//46
f 145//46 893//46 1553//46 1549//46
f 93//60 901//83 1360//83 1357//60
f 1181//46 1164//46 1234//46 1219//46
f 40//104 896//47 1160//47 1145//104
f 1185//207 1767//231 1843//231 1085//207
f 1766//265 1765//235 1841//235 1842//265
f 154//207 1763//231 1839//231 419//207
f 1762//263 1761//235 1837//235 1838//263
f 1157//207 1759//231 1835//231 1778//207
f 1758//255 1757//235 1833//235 1834//255
f 1153//207 1755//231 1831//231 1117//207
f 159//325 921//235 922//235 1499//325
f 185//46 928//46 927//46 183//46
f 189//46 930//46 929//46 187//46
f 1770//267 1769//235 942//235 1846//267
f 193//46 932//46 931//46 191//46
f 197//46 934//46 933//46 195//46
f 1189//207 1771//231 1847//231 1774//207
f 222//326 924//180 1689//196 245//327
f 190//328 923//177 924//180 222//326
f 1756//46 926//46 1548//46 1544//46
f 127//46 920//46 1454//46 1451//46
f 48//46 1180//46 919//46 95//46
f 1203//68 1218//59 1356//59 1353//68
f 44//48 918//53 1176//53 1161//48
f 99//80 1186//107 1348//107 1345//80
f 52//46 97//46 944//46 1214//46
f 1215//58 946//91 1210//91 1195//58
f 1187//108 1202//67 1352//67 1349//108
f 48//46 95//46 950//46 1198//46
f 1199//54 949//57 1194//57 1177//54
f 1945//46 947//46 129//46 439//46 440//46 1903//46
f 1450//46 951//46 127//46 1451//46
f 565//245 952//245 441//329 442//329
f 954//152 956//151 192//163 224//166
f 955//217 954//152 224//166 247//224
f 958//165 957//164 190//328 222//326
f 959//223 958//165 222//326 245//327
f 446//39 960//46 443//46
f 961//275 1981//274 288//324 34//324
f 1498//258 953//257 159//325 1499//325
f 964//118 1944//117 1894//330 433//330
f 963//46 435//35 434//46
usemtl hole
f 858//46 344//46 345//46 857//46
f 856//46 346//46 347//46 855//46
f 759//46 358//46 361//46 779//46
f 1408//46 1409//46 1277//46 781//46
f 884//46 46//46 42//46 882//46
f 617//46 1640//46 1638//46 616//46
f 1593//46 1594//46 401//46 710//46
f 593//46 1644//46 77//46 618//46
f 707//46 404//46 405//46 706//46
f 755//46 370//46 373//46 777//46
f 703//46 408//46 409//46 702//46
f 619//46 1652//46 124//46 597//46
f 758//46 364//46 367//46 778//46
f 1508//46 1509//46 1654//46 598//46
f 785//46 411//46 412//46 784//46
f 854//46 349//46 144//46 842//46
f 700//46 1856//46 82//46 675//46
f 862//46 140//46 136//46 841//46
f 794//46 389//46 390//46 793//46
f 878//46 38//46 348//46 889//46
f 709//46 402//46 403//46 708//46
f 814//46 388//46 37//46 834//46
f 705//46 406//46 407//46 704//46
f 790//46 393//46 394//46 789//46
f 826//46 384//46 386//46 815//46
f 1412//46 1413//46 410//46 786//46
f 828//46 380//46 382//46 827//46
f 1597//46 1598//46 395//46 729//46
f 1393//46 1391//46 1388//46 1390//46
f 792//46 391//46 392//46 791//46
f 830//46 376//46 378//46 829//46
f 1505//46 1947//46 1905//46 445//46 1909//46 1394//46 1395//46
f 1313//46 1311//46 1302//46 1304//46
f 1416//46 1417//46 374//46 831//46
f 1387//46 1385//46 1382//46 1384//46
f 1295//46 1293//46 1284//46 1286//46
f 752//46 350//46 354//46 750//46
f 749//46 357//46 360//46 748//46
f 743//46 369//46 372//46 742//46
f 1486//46 1487//46 49//46 885//46
f 760//46 351//46 355//46 780//46
f 747//46 363//46 366//46 746//46
f 595//46 1648//46 1646//46 594//46
f 879//46 41//46 142//46 880//46
f 1581//46 1582//46 130//46 635//46
f 646//46 1780//46 1127//46 636//46
f 637//46 110//46 98//46 645//46
f 638//46 86//46 1738//46 639//46
f 644//46 62//46 50//46 640//46
f 1585//46 1586//46 57//46 663//46
f 673//46 425//46 61//46 664//46
f 914//46 424//46 120//46 892//46
f 665//46 69//46 426//46 672//46
f 666//46 73//46 81//46 667//46
f 671//46 427//46 84//46 656//46
f 1490//46 1491//46 92//46 908//46
f 916//46 45//46 96//46 890//46
f 888//46 138//46 134//46 881//46
f 909//46 104//46 428//46 915//46
f 891//46 108//46 116//46 910//46
f 1482//46 1483//46 343//46 860//46
f 1639//46 1295//46 1286//46 583//46
f 1643//46 1313//46 1304//46 585//46
f 1647//46 1387//46 1384//46 587//46
f 1651//46 1393//46 1390//46 589//46
f 1504//46 1505//46 1395//46 591//46
f 1494//46 1495//46 90//46 943//46
f 1845//46 421//46 94//46 941//46
f 940//46 102//46 1852//46 939//46
f 938//46 106//46 113//46 937//46
f 936//46 1850//46 118//46 935//46
f 681//46 359//46 54//46 699//46
f 698//46 417//46 58//46 697//46
f 696//46 66//46 416//46 695//46
f 694//46 70//46 78//46 693//46
f 1892//46 432//46 1898//46 962//46 1946//46
f 429//46 1884//46 422//46 414//46
f 466//46 1924//46 397//46 398//46
f 475//46 478//46 399//46 400//46
f 448//46 1912//46 420//46 415//46
f 1509//46 1504//46 591//46 1654//46
f 1652//46 1651//46 589//46 124//46
f 1648//46 1647//46 587//46 1646//46
f 1644//46 1643//46 585//46 77//46
f 1640//46 1639//46 583//46 1638//46
f 110//46 595//46 594//46 98//46
f 1582//46 1508//46 598//46 130//46
f 1780//46 619//46 597//46 1127//46
f 86//46 593//46 618//46 1738//46
f 62//46 617//46 616//46 50//46
f 427//46 644//46 640//46 84//46
f 73//46 638//46 639//46 81//46
f 69//46 637//46 645//46 426//46
f 425//46 646//46 636//46 61//46
f 1586//46 1581//46 635//46 57//46
f 1856//46 671//46 656//46 82//46
f 70//46 666//46 667//46 78//46
f 66//46 665//46 672//46 416//46
f 417//46 673//46 664//46 58//46
f 359//46 1585//46 663//46 54//46
f 406//46 694//46 693//46 407//46
f 404//46 696//46 695//46 405//46
f 402//46 698//46 697//46 403//46
f 1594//46 681//46 699//46 401//46
f 408//46 700//46 675//46 409//46
f 363//46 705//46 704//46 366//46
f 350//46 709//46 708//46 354//46
f 369//46 703//46 702//46 372//46
f 357//46 707//46 706//46 360//46
f 1598//46 1593//46 710//46 395//46
f 364//46 747//46 746//46 367//46
f 370//46 743//46 742//46 373//46
f 358//46 749//46 748//46 361//46
f 351//46 752//46 750//46 355//46
f 1409//46 1597//46 729//46 1277//46
f 411//46 760//46 780//46 412//46
f 391//46 758//46 778//46 392//46
f 393//46 755//46 777//46 394//46
f 1413//46 1408//46 781//46 410//46
f 389//46 759//46 779//46 390//46
f 384//46 792//46 791//46 386//46
f 1417//46 1412//46 786//46 374//46
f 388//46 790//46 789//46 37//46
f 380//46 794//46 793//46 382//46
f 376//46 785//46 784//46 378//46
f 1483//46 1416//46 831//46 343//46
f 344//46 830//46 829//46 345//46
f 346//46 828//46 827//46 347//46
f 349//46 826//46 815//46 144//46
f 140//46 814//46 834//46 136//46
f 1487//46 1482//46 860//46 49//46
f 138//46 862//46 841//46 134//46
f 41//46 854//46 842//46 142//46
f 38//46 856//46 855//46 348//46
f 46//46 858//46 857//46 42//46
f 424//46 888//46 881//46 120//46
f 108//46 879//46 880//46 116//46
f 1491//46 1486//46 885//46 92//46
f 104//46 878//46 889//46 428//46
f 45//46 884//46 882//46 96//46
f 106//46 891//46 910//46 113//46
f 102//46 909//46 915//46 1852//46
f 421//46 916//46 890//46 94//46
f 1495//46 1490//46 908//46 90//46
f 1850//46 914//46 892//46 118//46
f 399//46 936//46 935//46 400//46
f 397//46 938//46 937//46 398//46
f 420//46 940//46 939//46 415//46
f 422//46 1845//46 941//46 414//46
f 375//46 1494//46 943//46 413//46
f 1946//46 962//46 375//46 413//46
usemtl redbulb
f 967//331 1075//15 971//233 972//332
f 966//333 965//334 969//335 970//336
f 1074//337 1073//46 968//338
f 1076//339 967//331 972//332 973//340
f 1075//15 966//333 970//336 971//233
f 965//334 1074//337 968//338 969//335
f 968//338 1073//46 975//341
f 973//340 972//332 979//342 980//343
f 971//233 970//336 977//344 978//132
f 969//335 968//338 975//341 976//345
f 972//332 971//233 978//132 979//342
f 970//336 969//335 976//345 977//344
f 980//343 979//342 986//346 987//347
f 978//132 977//344 984//348 985//162
f 976//345 975//341 982//349 983//350
f 979//342 978//132 985//162 986//346
f 977//344 976//345 983//350 984//348
f 975//341 1073//46 982//349
f 986//346 985//162 992//126 993//351
f 984//348 983//350 990//352 991//353
f 982//349 1073//46 989//354
f 987//347 986//346 993//351 994//355
f 985//162 984//348 991//353 992//126
f 983//350 982//349 989//354 990//352
f 993//351 992//126 999//220 1000//356
f 991//353 990//352 997//357 998//358
f 989//354 1073//46 996//359
f 994//355 993//351 1000//356 1001//360
f 992//126 991//353 998//358 999//220
f 990//352 989//354 996//359 997//357
f 1001//360 1000//356 1007//361 1008//362
f 999//220 998//358 1005//363 1006//207
f 997//357 996//359 1003//364 1004//365
f 1000//356 999//220 1006//207 1007//361
f 998//358 997//357 1004//365 1005//363
f 996//359 1073//46 1003//364
f 1006//207 1005//363 1012//366 1013//120
f 1004//365 1003//364 1010//367 1011//368
f 1007//361 1006//207 1013//120 1014//369
f 1005//363 1004//365 1011//368 1012//366
f 1003//364 1073//46 1010//367
f 1008//362 1007//361 1014//369 1015//370
f 1008//362 1015//370 1037//371 1044//372
f 1014//369 1013//120 1020//12 1021//373
f 1012//366 1011//368 1018//374 1019//375
f 1010//367 1073//46 1017//376
f 1043//377 1050//378 1002//379 1009//380
f 1015//370 1014//369 1021//373 1022//381
f 1013//120 1012//366 1019//375 1020//12
f 1011//368 1010//367 1017//376 1018//374
f 1019//375 1018//374 1025//382 1026//383
f 1017//376 1073//46 1024//384
f 1064//385 1071//386 981//387 988//388
f 1022//381 1021//373 1028//389 1029//390
f 1020//12 1019//375 1026//383 1027//115
f 1018//374 1017//376 1024//384 1025//382
f 1036//391 1043//377 1009//380 1016//392
f 1021//373 1020//12 1027//115 1028//389
f 1015//370 1022//381 1030//393 1037//371
f 1029//390 1028//389 1035//394 1036//391
f 1027//115 1026//383 1033//395 1034//216
f 1025//382 1024//384 1031//396 1032//397
f 994//355 1001//360 1051//398 1058//399
f 1028//389 1027//115 1034//216 1035//394
f 1026//383 1025//382 1032//397 1033//395
f 1024//384 1073//46 1031//396
f 1032//397 1031//396 1038//400 1039//401
f 1022//381 1029//390 1023//402 1030//393
f 1035//394 1034//216 1041//122 1042//403
f 1033//395 1032//397 1039//401 1040//404
f 1031//396 1073//46 1038//400
f 1050//378 1057//405 995//406 1002//379
f 1036//391 1035//394 1042//403 1043//377
f 1034//216 1033//395 1040//404 1041//122
f 987//347 994//355 1058//399 1065//407
f 1042//403 1041//122 1048//172 1049//408
f 1040//404 1039//401 1046//409 1047//410
f 1038//400 1073//46 1045//411
f 1029//390 1036//391 1016//392 1023//402
f 1043//377 1042//403 1049//408 1050//378
f 1041//122 1040//404 1047//410 1048//172
f 1039//401 1038//400 1045//411 1046//409
f 1045//411 1073//46 1052//412
f 973//340 980//343 1072//413 1077//414
f 1050//378 1049//408 1056//415 1057//405
f 1048//172 1047//410 1054//416 1055//237
f 1046//409 1045//411 1052//412 1053//417
f 1057//405 1064//385 988//388 995//406
f 1049//408 1048//172 1055//237 1056//415
f 1047//410 1046//409 1053//417 1054//416
f 1057//405 1056//415 1063//418 1064//385
f 1055//237 1054//416 1061//419 1062//124
f 1053//417 1052//412 1059//420 1060//421
f 1001//360 1008//362 1044//372 1051//398
f 1056//415 1055//237 1062//124 1063//418
f 1054//416 1053//417 1060//421 1061//419
f 1052//412 1073//46 1059//420
f 1076//339 973//340 1077//414 974//422
f 980//343 987//347 1065//407 1072//413
f 1063//418 1062//124 1069//236 1070//423
f 1061//419 1060//421 1067//424 1068//425
f 1059//420 1073//46 1066//426
f 1071//386 1076//339 974//422 981//387
f 1064//385 1063//418 1070//423 1071//386
f 1062//124 1061//419 1068//425 1069//236
f 1060//421 1059//420 1066//426 1067//424
f 1070//423 1069//236 1075//15 967//331
f 1068//425 1067//424 965//334 966//333
f 1066//426 1073//46 1074//337
f 1071//386 1070//423 967//331 1076//339
f 1069//236 1068//425 966//333 1075//15
f 1067//424 1066//426 1074//337 965//334